지점,일시,평균기온(°C),최저기온(°C),최저기온 시각(hhmi),최고기온(°C),최고기온 시각(hhmi),강수 계속시간(hr),10분 최다 강수량(mm),10분 최다강수량 시각(hhmi),1시간 최다강수량(mm),1시간 최다 강수량 시각(hhmi),일강수량(mm),최대 순간 풍속(m/s),최대 순간 풍속 풍향(16방위),최대 순간풍속 시각(hhmi),최대 풍속(m/s),최대 풍속 풍향(16방위),최대 풍속 시각(hhmi),평균 풍속(m/s),풍정합(100m),평균 이슬점온도(°C),최소 상대습도(%),최소 상대습도 시각(hhmi),평균 상대습도(%),평균 증기압(hPa),평균 현지기압(hPa),최고 해면기압(hPa),최고 해면기압 시각(hhmi),최저 해면기압(hPa),최저 해면기압 시각(hhmi),평균 해면기압(hPa),가조시간(hr),합계 일조 시간(hr),1시간 최다일사 시각(hhmi),1시간 최다일사량(MJ/m2),합계 일사(MJ/m2),일 최심신적설(cm),일 최심신적설 시각(hhmi),일 최심적설(cm),일 최심적설 시각(hhmi),합계 3시간 신적설(cm),평균 전운량(1/10),평균 중하층운량(1/10),평균 지면온도(°C),최저 초상온도(°C),평균 5cm 지중온도(°C),평균 10cm 지중온도(°C),평균 20cm 지중온도(°C),평균 30cm 지중온도(°C),0.5m 지중온도(°C),1.0m 지중온도(°C),1.5m 지중온도(°C),3.0m 지중온도(°C),5.0m 지중온도(°C),합계 대형증발량(mm),합계 소형증발량(mm),9-9강수(mm),안개 계속시간(hr)
131,2007-01-01,2,-3.5,442,6.3,1509,1.97,,,,,0,2.6,290,409,1.5,290,414,.5,432,-7.9,29,1708,48.8,3.4,1020,1031.2,0,1024.8,1920,1027.2,9.7,1.5,1100,1.21,5.36,,,,,,8.1,3.3,.1,-7.2,0,1,1.5,2.3,5.6,9.4,,,,,1,0,
131,2007-01-02,3.4,.1,2352,8.5,1302,.42,,,,,0,4.8,320,1405,2.8,320,1410,1,864,-2.4,38,1129,66.5,5.2,1017.7,1026,2126,1023.2,1420,1024.8,9.7,.8,1200,1.18,6.21,,,,,,7.3,3.4,2.1,-4.4,1.9,1.8,1.8,2.4,5.5,9.1,,,,,1.2,,
131,2007-01-03,4.7,-2,404,11.3,1447,,,,,,,4.8,160,1526,2.8,50,1050,1.2,1037,-1.2,41,1448,67.9,5.6,1019.7,1028.4,914,1025.2,1410,1026.8,9.7,4.6,1300,1.39,7.58,,,,,,5.4,4.1,2.9,-5.2,2.9,3.1,2.7,3,5.5,9,,,,,.7,,4.92
131,2007-01-04,5.3,.8,613,12.1,1446,,,,,,,4.8,180,1513,2.9,50,1037,1.1,950,-3.1,28,1457,57,4.9,1020.6,1028.8,950,1026.3,1452,1027.7,9.7,7.1,1200,1.81,9.66,,,,,,1.4,1.1,3.1,-4,3.4,3.6,3.4,3.6,5.7,8.9,,,,,1.6,,
131,2007-01-05,4,-1.9,505,10.5,1558,,,,,,,3.3,180,1529,1.8,50,939,.7,605,-3,34,1521,62,4.9,1017.4,1028.8,559,1019,2346,1024.5,9.8,3.1,1200,1.29,6.94,,,,,,5.6,2.3,1.9,-6.2,2.8,3.2,3.3,3.7,5.8,8.9,,,,,1,3,
131,2007-01-06,.7,-1.6,1701,4.1,107,9.92,,,,,8.3,10.2,270,1125,5.7,270,1137,2.7,2333,-3.9,51,1126,71.9,4.7,1007.5,1019.2,0,1011.5,1406,1014.6,9.8,1.3,1100,1.12,4.29,9.3,1820,9.3,1820,9.3,7.8,6,.9,-3.3,2.5,3,3.2,3.8,5.9,8.8,,,,,.3,5.3,
131,2007-01-07,-1.4,-5.2,706,1.9,1454,,,,,,,11.3,340,57,5.3,340,121,1.9,1642,-7.7,53,1457,63.1,3.5,1015.4,1025.1,1020,1015.2,0,1022.7,9.8,1.7,1400,1.15,5.43,,,8.2,0,,6.5,6.5,.1,-8.9,1.7,2.5,2.7,3.4,5.8,8.8,,,,,1,,
131,2007-01-08,-1,-3.5,2355,2,1504,,,,,,,7.1,320,1533,4,320,1328,1.6,1382,-8.5,40,1515,58.3,3.3,1020.1,1029.8,2233,1023.6,0,1027.4,9.8,6.4,1200,1.87,9.39,,,3,0,,3.1,3.1,1,-7.1,1.8,2.4,2.4,3,5.6,8.7,,,,,.8,,
131,2007-01-09,-.4,-5.8,731,4.5,1430,,,,,,,3.8,290,1552,2.3,320,1608,.9,778,-6.9,39,1517,63.9,3.7,1022,1031.6,954,1027.2,1540,1029.3,9.8,8.1,1200,1.88,11.16,,,.2,0,,4.3,2.3,.5,-8.6,1.2,1.8,2.1,3,5.5,8.6,,,,,1.2,,
131,2007-01-10,-.1,-4.9,807,5.3,1423,,,,,,,5.3,320,1434,2.7,290,1434,1,864,-5.3,44,1428,70,4.1,1023.9,1032.7,1021,1028.7,103,1031.2,9.8,6.8,1200,1.75,9.03,,,,,,.8,.8,.7,-6.5,1.3,1.7,2.1,2.8,5.5,8.6,,,,,1.2,,
131,2007-01-11,-1.4,-5.2,754,3.2,1544,,,,,,,3.8,340,1735,2,320,1744,.8,691,-7.3,42,1421,67.6,3.6,1024.8,1034,941,1030.5,1540,1032.2,9.8,6,1400,1.13,6.11,,,,,,2.4,0,-1,-8.1,.4,1,1.7,2.6,5.4,8,,,,,.4,,
131,2007-01-12,-1.4,-3.8,2347,2.3,1207,,,,,,,8.2,320,1306,4.6,320,1313,1.6,1382,-10.9,26,1405,52.4,2.8,1022.3,1030.9,0,1028.1,1432,1029.6,9.9,6.7,1200,1.96,10.01,,,,,,3.5,2.3,-.7,-6.5,.3,1.1,1.5,2.4,5.3,8.5,,,,,1,,
131,2007-01-13,-3.6,-6.1,529,1,1439,,,,,,,6.6,320,1811,4.2,340,1317,1.4,1210,-13.2,30,1538,49.9,2.3,1022.6,1031.6,1009,1027.5,1423,1029.9,9.9,7.8,1200,1.95,10.88,,,,,,2.5,2.1,-1.5,-10.5,0,.9,1.3,2.1,4.9,8.3,,,,,1.4,,
131,2007-01-14,-3.3,-10.1,742,3.7,1521,,,,,,,4.1,90,1454,2.3,110,1501,.8,691,-12.4,26,1546,55.4,2.4,1023.9,1033.5,1041,1029.3,1622,1031.3,9.9,8.9,1200,2,12.31,,,,,,0,0,-1.9,-11.9,-.6,.4,.9,1.9,4.6,8.1,,,,,.9,,
131,2007-01-15,-.9,-7.3,551,5.1,1404,,,,,,,5,50,1651,3.4,50,1655,1,864,-9.3,25,1346,56.3,3.1,1021.4,1031.1,19,1026.6,1548,1028.7,9.9,6.9,1200,1.7,8.99,,,,,,4,0,-1.1,-10.2,-.5,.2,.8,1.7,4.5,8,,,,,1.2,,
131,2007-01-16,2,-1.4,529,6.7,1445,,,,,,,3.4,50,930,2,20,847,.8,691,-6,32,1627,56,3.9,1017.6,1026.8,7,1023,1633,1024.8,10,.7,1200,1.32,5.82,,,,,,9.1,7.9,.5,-3.4,.1,.4,.8,1.6,4.4,7.9,,,,,1,,
131,2007-01-17,1.6,-1.9,558,6.1,1545,,,,,,,5.7,320,1611,3.5,320,1835,1,864,-3.8,48,1608,67.9,4.6,1017.1,1025.5,809,1023.2,1431,1024.3,10,.7,1200,1.27,6.36,,,,,,6,1.5,.4,-5.7,0,.6,.9,1.6,4.4,7.8,,,,,.5,,
131,2007-01-18,2.1,-2.7,2335,6.3,1257,,,,,,,7.5,340,1114,4.4,320,1118,1.5,1296,-7.2,27,1258,51.8,3.6,1019.9,1030.7,2332,1024.2,431,1027.1,10,8.5,1200,2,11.27,,,,,,1.6,1.6,1.3,-7.6,1.1,.9,1.1,1.7,4.3,7.6,,,,,1.1,,
131,2007-01-19,-.6,-6.8,729,5.9,1510,,,,,,,4.3,20,1502,2.8,50,1458,1,864,-10,18,1344,54.8,2.9,1022,1031.5,801,1027.2,1439,1029.3,10,7.6,1200,2.11,12.11,,,,,,2.4,.5,-.2,-10,.2,.9,1.1,1.8,4.4,7.5,,,,,1.5,,
131,2007-01-20,.3,-4.9,757,7.4,1502,,,,,,,3.9,360,1220,2.4,320,1531,1,864,-10.1,19,1530,50,2.9,1021.7,1030.6,2334,1027.5,458,1029,10,8.6,1200,1.96,11.14,,,,,,2.5,0,.3,-8.1,.3,.9,1,1.8,4.3,7.4,,,,,1,,
131,2007-01-21,.3,-6.9,732,9.1,1544,,,,,,,3.2,360,1215,1.8,360,1232,.7,605,-9.8,14,1534,51.6,2.9,1021.1,1031.1,235,1025.8,1514,1028.4,10.1,7.9,1200,1.95,11,,,,,,1.1,0,0,-9.5,0,.8,1,1.8,4.3,7.5,,,,,1.3,,
131,2007-01-22,2.2,-1.8,54,6.4,1526,,,,,,,6.8,320,549,4.1,320,553,1.2,1037,-4.8,42,1541,59.6,4.3,1021.8,1031.2,1052,1026.5,211,1029,10.1,4.2,1300,1.69,8.04,,,,,,4,2.6,1.2,-5.8,.5,1,1.1,1.8,4.3,7.4,,,,,1.3,,
131,2007-01-23,.7,-4.4,630,6.2,1600,,,,,,,3,290,2209,1.6,290,2139,.9,778,-4.7,40,1627,69.1,4.3,1020.6,1030.7,15,1025.4,1654,1027.8,10.1,.1,1300,1.15,6.32,,,,,,5.4,0,-.1,-7.9,.3,.9,1,1.8,4.4,7.5,,,,,.7,,.58
131,2007-01-24,1.7,-2.3,858,8.2,1516,,,,,,,5.3,320,1645,3.4,340,1718,1.2,1037,-5.5,26,1541,61.5,4.1,1018.7,1027.4,2343,1024.2,1457,1025.9,10.1,7.8,1200,1.87,10.79,,,,,,1.9,0,1.7,-7.2,1.5,1.5,1.3,1.9,4.1,7,,,,,1.1,,
131,2007-01-25,.4,-5.8,659,7.5,1452,,,,,,,5.9,250,1313,3.2,320,1520,1,864,-6.4,31,1454,63.8,3.8,1018.7,1028.3,1037,1023.6,1739,1025.9,10.2,7.5,1200,1.77,11.01,,,,,,1.4,.3,.4,-8.7,1.1,1.2,1.2,1.9,4.2,7.2,,,,,1.6,,
131,2007-01-26,.6,-3.3,404,3.1,1209,3.55,,,,,1,5.2,230,1812,3,250,1818,1,864,-2.5,62,1211,80,5.2,1012.7,1023.9,0,1016.5,1351,1019.9,10.2,.1,1100,.68,2.38,,,,,,9.1,4,-.7,-6.5,.4,1,1.1,1.9,4.1,7.1,,,,,.4,1.2,
131,2007-01-27,1.1,-.1,2349,4.1,1422,4.6,,,,,.9,5.1,250,1627,3.1,250,1633,1.5,1296,-1.9,65,1546,79.3,5.3,1016.6,1026,2332,1021.5,13,1023.8,10.2,1.1,1300,1.17,4.94,.5,1005,.5,1005,.5,8,6.3,.9,-3.5,1.4,1.5,1.3,2,4,7.1,,,,,.5,.7,
131,2007-01-28,.6,-1.3,2331,3.6,1145,.33,,,,,0,3.7,270,1055,2.3,270,1012,1,864,-2.8,54,1342,77.9,5,1017.8,1026.3,2346,1023.4,1427,1025,10.3,2.5,1100,1.98,7.41,,,,,,5,5,1.5,-6.1,1.8,2.2,1.7,2.2,4.2,7.1,,,,,.9,,
131,2007-01-29,-.6,-6.3,645,5.7,1413,,,,,,,4.1,270,1540,2.7,270,1559,1,864,-5.1,37,1427,74.9,4.3,1018.7,1028.3,1016,1024.1,1608,1026,10.3,6,1200,2.16,10.49,,,,,,3.1,1.3,1,-8.9,1.3,1.6,1.6,2.3,4.1,7,,,,,.5,0,3.07
131,2007-01-30,-.3,-3.2,526,6.3,1406,4.75,,,,,.4,9.2,320,1532,5,320,1526,1.9,1642,-5.8,33,1418,69.6,4.1,1016.7,1026.7,2141,1021.3,752,1024,10.3,5.3,1300,2.15,9.55,.4,2355,.4,2355,.6,6.4,5.6,1.3,-6.5,1.3,1.7,1.6,2.3,4.2,7,,,,,.9,1,
131,2007-01-31,-2.2,-7.6,754,2.3,1322,5.12,,,,,.6,7.2,340,2302,4.3,340,2307,1.4,1210,-8,45,1335,67.1,3.4,1019.5,1029.1,1021,1025.4,1609,1026.9,10.4,5.4,1100,2.08,10.02,1.1,300,1.5,300,1.1,3.8,2.8,.5,-8.3,1.5,1.8,1.6,2.3,4.3,7,,,,,.7,0,
131,2007-02-01,-3.2,-5.7,233,.7,1433,5.13,,,,,0,8.5,270,1229,4.3,320,111,2.1,1814,-11.6,40,1451,54.8,2.6,1017.6,1026.3,117,1023.7,1447,1024.9,10.4,7.3,1200,1.87,11.46,.2,845,.2,845,.2,5.6,5.6,-.5,-9.1,.4,1.3,1.4,2,4.1,7,,,,,1.3,0,
131,2007-02-02,-3.5,-7.9,722,1.3,1530,1.58,,,,,0,5.9,320,208,3.1,320,214,1.4,1210,-13.4,27,1528,50,2.2,1019.4,1028.3,1039,1025.3,0,1026.7,10.4,9.2,1200,2.22,13.7,,,,,,1,1,-.9,-11.4,.1,.9,1.1,1.8,4.1,6.9,,,,,1.5,,
131,2007-02-03,1.5,-6.2,727,8,1355,,,,,,,10.2,270,1446,5.5,270,1508,1.8,1555,-5,46,1359,63.4,4.3,1014.9,1026.6,0,1018.3,1359,1022.1,10.4,5.7,1200,2.08,9.2,,,,,,5,4.5,-.3,-7.6,.1,.9,1,1.7,4,6.9,,,,,.8,,
131,2007-02-04,2.8,-4.1,741,10.9,1456,,,,,,,3.6,290,1233,1.9,290,1438,.6,518,-7.4,20,1524,52.6,3.6,1017.2,1027,900,1022.3,1705,1024.3,10.5,8.9,1200,2.25,14.04,,,,,,0,0,2,-8.4,1.7,1.5,1.2,1.8,4,6.7,,,,,1.9,,
131,2007-02-05,3.7,-4.2,713,11.2,1556,,,,,,,5,200,1642,2.3,250,1650,.8,691,-3.1,39,1447,62.8,4.9,1015.1,1024.4,916,1020.2,1513,1022.3,10.5,6.6,1200,1.99,11,,,,,,4.3,.9,1.8,-8.1,1.9,1.8,1.6,2.2,4,6.5,,,,,1,,
131,2007-02-06,7,.7,311,14.3,1539,,,,,,,3.2,50,1827,1.7,340,1509,.5,432,1.8,48,1452,69.6,7,1015.9,1024.9,2331,1021.6,114,1023,10.5,5.6,1200,1.7,8.91,,,,,,3.6,3,4.6,-1,3.8,3.6,2.5,2.7,4,6.6,,,,,1,,
131,2007-02-07,4.9,-.6,450,12.3,1644,,,,,,,3.2,70,1054,1.9,50,1826,.5,432,1.7,41,1650,79.5,6.9,1018.7,1028.2,936,1024.2,1656,1025.8,10.6,3.4,1400,1.8,7,,,,,,4.9,3.8,4.5,-3.7,3.9,4,3.5,3.7,4.5,6.7,,,,,.2,5.5,8.5
131,2007-02-08,6.5,3.6,37,9.1,1501,11.92,,,,,14,4.9,340,2219,3.3,320,2222,.9,778,4.8,78,211,87.8,8.7,1013,1024.7,0,1016.9,1448,1020.1,10.6,0,1400,.67,2.1,,,,,,10,6.4,5.9,1.6,5.1,4.8,4.3,4.3,4.8,6.8,,,,,.2,8.8,
131,2007-02-09,5.4,4.1,2335,8.2,1223,5.08,,,,,.3,6.9,290,1530,3.7,320,1534,1.3,1123,1.4,56,1238,74.3,6.8,1009.5,1017.9,1,1014.4,1430,1016.5,10.6,.5,1100,1.11,3.1,,,,,,10,7.5,4.9,2.8,5.5,5.8,5.2,5.2,5.2,6.9,,,,,1,,
131,2007-02-10,4,.9,2333,9.8,1342,,,,,,,11.1,320,1447,5.7,320,1513,2,1728,-2.6,34,1613,61.9,5.1,1008.6,1019.3,2329,1012.2,1338,1015.7,10.7,3.6,1500,1.41,8.16,,,,,,4.9,4.9,3.3,-4.1,4.4,4.9,4.7,5,5.5,7,,,,,1.5,,
131,2007-02-11,2.1,-1.2,705,7.8,1421,,,,,,,6.4,340,1438,3.9,320,1513,1.5,1296,-8.5,20,1601,48.3,3.3,1014,1022.5,2144,1019.3,0,1021.2,10.7,9.7,1300,2.41,15.33,,,,,,0,0,2.8,-6.5,3.5,4,3.9,4.3,5.5,7.1,,,,,1.7,,
131,2007-02-12,2.2,-4.4,626,9.1,1554,,,,,,,3.9,290,1316,2.2,270,1303,.6,518,-6.4,23,1513,57.1,3.8,1015,1023.8,959,1020.5,1707,1022.2,10.8,9.2,1200,2.31,14.6,,,,,,.8,.5,2.6,-6,3.3,3.3,3.4,3.9,5.4,7.2,,,,,1.4,,
131,2007-02-13,3.9,-1.7,352,8.9,1353,9.17,,,,,18.5,6.2,50,2145,4.3,50,2148,1.4,1210,-1.4,42,1254,69.3,5.6,1010.7,1022.9,224,1009.7,2307,1017.8,10.8,1.4,1200,1.04,5.36,,,,,,8,4.4,2.5,-5.5,3.3,3.5,3.4,3.8,5.4,7.3,,,,,.3,19,
131,2007-02-14,1.9,-1.9,2348,5.8,811,3.25,,,,,.5,12.5,320,1411,5.9,320,1259,2.8,2419,-4.9,35,1338,62.5,4.6,1008.5,1022.2,2354,1008.6,141,1015.6,10.8,6.2,1200,2.52,12.57,,,,,,6.4,4.9,3.4,-3.5,4.5,4.8,4.4,4.6,5.4,7.3,,,,,1.2,0,
131,2007-02-15,1,-2.8,350,6.7,1419,,,,,,,10.4,320,1507,5.4,320,1136,1.9,1642,-12.8,18,1448,36.6,2.3,1016.1,1024.3,910,1022.1,0,1023.3,10.9,9.7,1200,2.56,16.22,,,,,,.1,.1,2.2,-7.4,2.8,3.3,3.3,3.9,5.5,7.3,,,,,2.7,,
131,2007-02-16,3.4,-4.7,622,12.1,1534,,,,,,,6.6,110,1615,3.3,140,1524,1.1,950,-9.7,12,1501,44.5,3,1015.3,1025,921,1020.3,1555,1022.4,10.9,9.7,1200,2.43,15.63,,,,,,2.5,0,3.2,-7.6,3.2,3.4,3.1,3.6,5.4,7.4,,,,,1.7,,
131,2007-02-17,5.9,1.9,401,10.4,1543,,,,,,,4.5,20,1806,3.1,20,1810,1,864,-1.6,45,1322,58.3,5.5,1009.9,1021.6,18,1014.1,1703,1017,10.9,0,1300,.91,5.31,,,,,,7.1,3,3.6,-2.1,3.8,4,3.7,4,5.3,7.3,,,,,.9,,
131,2007-02-18,5.7,-.2,708,14.1,1533,,,,,,,5.5,340,1741,3.2,320,1742,1,864,-3.5,22,1721,56,4.8,1007.8,1017.2,2350,1012.4,1557,1014.9,11,8.9,1200,2.46,15.03,,,,,,2,.4,5,-3.2,5.2,5.2,4.5,4.6,5.4,7.3,,,,,2,,
131,2007-02-19,4.4,-1.5,735,11.6,1552,,,,,,,4.9,340,2004,2.9,320,2005,.9,778,-4.2,18,1603,55.9,4.5,1011.5,1020.1,834,1016.8,1423,1018.5,11,9.1,1300,2.5,15.99,,,,,,.6,0,4.5,-5.4,5,5,4.8,5,5.5,7.2,,,,,2.2,,
131,2007-02-20,5.4,-2.8,728,14.1,1545,,,,,,,4.7,320,1701,3.2,320,1708,1,864,-6.2,17,1705,48.3,3.9,1013.8,1022.5,2344,1018.4,1440,1020.9,11,9.6,1200,2.46,15.59,,,,,,.4,0,4.4,-6.5,4.8,5.1,4.7,5,5.6,7.3,,,,,2.4,,
131,2007-02-21,6,-2.4,703,13.9,1520,,,,,,,3.7,340,1432,1.8,320,1811,.7,605,-3.5,25,1206,52,4.8,1015.2,1024.8,829,1020.1,1725,1022.3,11.1,8.1,1200,2.1,12.83,,,,,,.9,0,4.5,-4.8,5,5.1,4.7,4.9,5.7,7.3,,,,,1.7,,
131,2007-02-22,7.3,-.4,735,15.4,1502,,,,,,,6.1,270,1845,3.4,270,1550,1.2,1037,-2.2,16,1540,56.5,5.3,1008.6,1021.2,0,1011.7,1651,1015.6,11.1,2,1100,1.55,9.45,,,,,,4,.3,4.5,-4.6,4.7,5,4.8,5,6,7.5,,,,,1.9,,
131,2007-02-23,4.8,1.3,735,9.3,1425,,,,,,,7.8,340,1611,4.6,340,1620,2.1,1814,-7.3,22,1353,43.6,3.8,1013,1024.7,2345,1013.7,0,1020,11.1,10.1,1200,2.64,17.36,,,,,,1,.9,5.4,-2.7,5.8,6,5.5,5.6,6,7.5,,,,,2.4,,
131,2007-02-24,4.3,-3.5,728,11.4,1535,,,,,,,5.8,140,2133,3.4,140,2139,1.5,1296,-7.6,25,1332,43.1,3.6,1016.2,1026.2,841,1020,1657,1023.3,11.2,7.1,1300,2.25,13.73,,,,,,4.4,0,3.8,-5.6,4.5,4.9,4.6,5.1,6.2,7.5,,,,,2.5,,
131,2007-02-25,8,4.3,551,12.1,1602,,,,,,,7.4,160,1150,4.2,140,1430,2.2,1901,-1.7,35,1601,50,5.4,1016.6,1025.4,2349,1022.1,403,1023.6,11.2,3.5,1300,1.88,11.18,,,,,,6.3,3,7.6,2.2,6.6,6.5,5.7,5.8,6.1,7.5,,,,,1.6,,
131,2007-02-26,7.7,.2,526,15.2,1449,,,,,,,5.7,160,1218,3.7,110,30,1.2,1037,-3,25,1528,48.9,4.9,1018.6,1027.7,836,1023.3,1701,1025.6,11.3,10.1,1200,2.63,17.12,,,,,,0,0,7.2,-4.3,7,7.2,6.5,6.5,6.5,7.5,,,,,2.6,,
131,2007-02-27,7,0,639,15.2,1443,,,,,,,6.2,320,1845,3.9,320,1900,1.2,1037,-1.5,25,1610,57.6,5.5,1019.3,1028.2,920,1024,1643,1026.4,11.3,8.4,1300,2.15,13.81,,,,,,1.5,.3,5.9,-2.1,6.9,7,6.6,6.6,6.6,7.7,,,,,2.3,,
131,2007-02-28,9.3,2.8,652,15.7,1619,,,,,,,5.5,180,1225,3.3,50,103,1.7,1469,-4.6,18,1603,40.9,4.4,1022,1031.6,908,1027.1,1616,1029,11.3,10,1200,2.71,17.73,,,,,,.3,0,8.7,-1.4,7.6,7.7,7,7,6.9,7.7,,,,,3.3,,
131,2007-03-01,10.1,.2,611,17.9,1417,,,,,,,5.6,160,1128,3.4,160,1919,1.5,1296,-6.1,12,1419,36.1,4,1018.8,1028.9,808,1022.9,1706,1025.8,11.4,5.3,1100,2.26,13.03,,,,,,7,3,8.8,-3.5,7.6,7.7,7.2,7.2,7,7.9,,,,,2.2,1.5,
131,2007-03-02,9,7.4,717,11.1,10,19.5,,,,,17,4.9,160,1326,3,160,1332,1,864,5.6,30,10,80.1,9.4,1014.1,1024.4,102,1018.9,1630,1021.1,11.4,0,1300,.33,.92,,,,,,10,6.9,7.9,5.8,8,8.2,7.6,7.8,7.2,8,,,,,.2,16,
131,2007-03-03,12.4,9.1,247,17.1,1601,1.5,,,,,.5,3.5,340,1439,2.1,270,1143,.6,518,9,57,1535,79.5,11.5,1013.4,1021.8,904,1018.4,1529,1020.3,11.5,3.3,1500,1.74,10.23,,,,,,7.8,6,12.7,8.3,10.6,10.2,9.1,8.8,7.5,8,,,,,1.7,,2.3
131,2007-03-04,12.9,8.2,2357,15.6,1418,12,,,,,29.5,12.2,140,1332,6.2,160,1223,3.1,2678,9.5,66,1214,78.9,11.9,1001.8,1019.9,0,998.4,1939,1008.6,11.5,.2,1400,.93,5.77,,,,,,9.4,6.6,12.1,7.1,11.1,10.9,10.1,9.9,8,8.2,,,,,.9,30,
131,2007-03-05,-.1,-4.6,2329,8.2,0,22.75,,,,,1,14.3,250,340,7,270,243,3.9,3370,-4.9,56,2119,70.6,4.4,1006.2,1021.5,2355,1002,3,1013.4,11.5,.1,1500,.86,4.37,1.2,2355,1.2,2355,1.2,9.3,7,3.3,-6.5,6.4,7.5,8.1,9,8.6,8.6,,,,,1,.5,
131,2007-03-06,-3.2,-6.2,643,.3,1346,,,,,,,10,290,1325,5.2,320,1652,3,2592,-13.7,28,1138,46.8,2.2,1016.3,1025.5,924,1021.4,3,1023.7,11.6,10.1,1300,2.93,19.44,,,1.2,0,,3.3,3.3,2.2,-8.3,4.5,5.3,5.5,6.5,8.2,8.6,,,,,2.7,0,
131,2007-03-07,-1,-5.9,648,4.2,1524,4.92,,,,,.3,9.2,320,1411,5,320,1341,2.4,2074,-10.5,28,1047,52.1,2.9,1013.6,1023.6,122,1018.1,1703,1020.8,11.6,8.2,1100,2.78,17.24,1,2340,1,2340,1,4.9,4.9,1.6,-8.7,3.8,4.5,4.6,5.5,7.6,8.7,,,,,1.9,.3,
131,2007-03-08,2.3,-2.3,651,7.5,1358,1.92,,,,,0,7.9,270,1458,4,270,1318,1.7,1469,-6.2,28,1348,55.5,3.9,1015.3,1024.2,2222,1019.8,5,1022.5,11.6,7.2,1100,2.5,16.29,.1,150,1,0,.1,3.6,3.6,2.9,-6.8,4.1,4.8,5,5.2,7.3,8.7,,,,,2.2,,
131,2007-03-09,5.1,-1,554,11.7,1608,,,,,,,5.5,270,1250,3.8,340,1543,1.2,1037,-4.2,25,1512,53,4.5,1016.8,1026.1,916,1022.2,1817,1023.9,11.7,8.4,1000,2.05,14.64,,,,,,3.1,2,3.2,-4.8,5.3,5.5,5.4,5.8,7.2,8.5,,,,,2.1,,
131,2007-03-10,3,-1.9,2346,11.1,1225,2.67,,,,,2,12.1,320,2206,6.3,270,1327,2.6,2246,-4.9,33,2251,57.4,4.5,1011.9,1023.4,224,1013.5,1306,1019,11.7,3.7,1000,2.25,9.19,,,,,,6.3,4.5,3.4,-3.7,4.8,5.6,5.6,6,7.1,8.5,,,,,1.6,2,
131,2007-03-11,.7,-4.1,642,5.9,1247,4.25,,,,,0,11.8,320,1457,5.7,320,1544,2.5,2160,-10.3,28,1619,44,2.9,1015.1,1023.9,211,1020.2,1457,1022.3,11.8,7.1,1200,2.08,14.86,,,,,,3.4,3.4,1.7,-8.9,3.4,4.1,4.3,5.1,7,8.5,,,,,2.3,0,
131,2007-03-12,4,-2.9,559,10.5,1407,,,,,,,8.2,340,1553,5.4,340,1555,1.9,1642,-9.3,18,1414,40.6,3.1,1015.8,1025.4,856,1020.6,1516,1022.9,11.8,9.1,1200,2.98,19.36,,,,,,2.3,.4,3.3,-7.4,4.9,4.9,4.6,5,6.7,8.5,,,,,2.3,,
131,2007-03-13,5.1,-1.9,627,11.9,1449,,,,,,,7.9,340,1400,4.9,340,1428,1.7,1469,-8.3,15,1605,41.1,3.3,1014.1,1022.7,949,1019,1629,1021.2,11.8,10.3,1200,2.84,19.12,,,,,,1.4,0,4.4,-6.4,5.3,5.7,5.1,5.5,6.6,8.3,,,,,2.9,,
131,2007-03-14,6.2,-.8,556,13.5,1454,,,,,,,4.2,290,2002,2.3,70,1331,.7,605,-6.3,12,1421,45.8,3.9,1014.6,1024.1,851,1019.1,1716,1021.7,11.9,6.5,1400,2.42,15.1,,,,,,4.8,.3,6,-3,5.5,5.7,5.5,5.8,6.7,8.3,,,,,2.4,,
131,2007-03-15,8.8,3.5,646,15.6,1501,,,,,,,6.2,50,1526,3.9,320,1745,1.4,1210,-3.9,17,1223,42.4,4.6,1011.9,1021.1,857,1015.1,1534,1018.9,11.9,6.8,1200,2.75,16.12,,,,,,4.8,1.3,8.9,1,8.2,7.6,6.9,6.7,6.9,8.2,,,,,3,,
131,2007-03-16,8.9,4.7,344,14.5,1330,,,,,,,7,360,1623,3.2,90,1009,1.6,1382,-2.5,25,1306,46.9,5.2,1013.9,1023.4,851,1018.5,1749,1020.9,12,5,1200,2.88,14.88,,,,,,6.6,3.4,9,.5,8.6,8.5,7.7,7.6,7.1,8.2,,,,,2.9,,
131,2007-03-17,6.5,2.8,621,11.4,1237,.67,,,,,.4,4.8,160,1400,3.3,160,1408,1.5,1296,-.7,38,1253,59.3,5.8,1016.8,1025.4,2151,1021.7,0,1023.8,12,2,1200,1.81,9.59,,,,,,7,5.5,6.3,-.2,7.5,8.1,7.8,7.9,7.7,7.9,,,,,1.6,.4,
131,2007-03-18,6.3,-.1,706,13.3,1509,,,,,,,5.7,320,1820,3.5,320,1823,1.1,950,-4.1,27,1819,50.9,4.7,1016.5,1025.5,906,1021.1,1653,1023.6,12,7.1,1100,2.32,15.5,,,,,,1.5,1.5,6.7,-4.4,6.9,7.7,7.4,7.7,7.6,8,,,,,2.6,,
131,2007-03-19,6.8,-.8,528,14,1421,,,,,,,7.1,140,2029,4.3,160,2037,1.7,1469,-5.9,19,1507,43.1,4,1016.4,1025.8,2256,1021.2,1600,1023.5,12.1,10.1,1200,2.94,18.61,,,,,,3.9,2.6,8.4,-5.3,8,8.1,7.4,7.7,7.8,8.5,,,,,3.4,,
131,2007-03-20,7,.9,600,13.1,1338,1.5,,,,,0,7,320,1841,4.1,320,1847,1.8,1555,-2.9,20,1331,50.1,4.9,1018,1026.5,826,1023.1,1614,1025.1,12.1,5.3,1100,2.34,13.72,,,,,,4.9,3.3,7.6,-1.3,8,8.5,7.9,8.1,8,8.5,,,,,2.6,0,
131,2007-03-21,8.7,4.4,39,12.2,1606,.25,,,,,0,5.9,230,1446,3.4,250,1452,1.4,1210,-1,39,1435,50.3,5.7,1017.9,1026.8,925,1022.9,1653,1024.9,12.2,.2,1100,1.16,7.36,,,,,,9.3,4.8,7.4,1.1,8,8.4,8.1,8.3,8,8.5,,,,,1.6,0,
131,2007-03-22,10,4.1,558,17.8,1616,,,,,,,7.4,270,1155,3.5,250,1232,1.4,1210,-.2,27,1617,50.3,6.1,1017.1,1025.9,858,1021.8,1656,1024,12.2,4.8,1200,2.14,14.39,,,,,,3.6,3.6,9.2,-1.2,8.8,8.7,8.1,8.3,8,8.7,,,,,2.6,,
131,2007-03-23,11.4,2.3,557,20.3,1556,2.08,,,,,.5,4.5,340,1520,2.6,270,1719,1.1,950,-.7,13,1706,49,6,1013.1,1026,647,1012.9,2358,1020,12.2,8.6,1300,2.84,18.45,,,,,,4.8,2.3,12.4,.2,10.9,10.2,9.2,9.1,8.4,8.8,,,,,2.1,11.5,
131,2007-03-24,10.3,9.1,218,12.1,1323,15.58,,,,,15,4.8,230,1235,2.9,270,1451,1.2,1037,8.8,62,22,89,11.4,998.2,1012.9,0,1002.1,1511,1005,12.3,0,1300,.18,.54,,,,,,9.8,6,9.9,7.9,10.2,10.5,10,10,8.7,9,,,,,.6,4,
131,2007-03-25,10.5,6.5,2359,17.9,1430,,,,,,,7.9,270,1453,4.8,270,1453,1.9,1642,3.2,23,1542,63.9,7.8,1003.7,1014.5,2350,1007.9,0,1010.6,12.3,7.2,1200,2.91,18.2,,,,,,2.9,2.9,11.2,4.6,11.6,11.3,10.3,10.1,9,9,,,,,3.3,,
131,2007-03-26,8.6,2.7,713,13.8,1243,1.63,,,,,5,6.9,160,1555,4.4,160,1559,1.3,1123,4.9,42,1253,77.5,8.7,1007.4,1016.5,819,1012.3,1735,1014.4,12.3,2.4,1000,2.1,8.93,,,,,,3.9,2.8,7.2,1,8.3,9.7,9.6,9.9,9.3,9.1,,,,,1.2,5,2
131,2007-03-27,11.5,7.8,2354,16.3,1634,,,,,,,7.8,250,1043,4.4,340,1721,2.1,1814,5.5,39,1715,66.3,9.1,1004.8,1014.5,2359,1009.7,1545,1011.7,12.4,2.7,1500,1.51,8.14,,,,,,6,2.4,10.2,4.8,10,10,9.5,9.8,9.5,9.5,,,,,1.9,,
131,2007-03-28,10.3,4.7,720,19.5,1500,1.97,,,,,6.5,15.1,200,1626,7.8,270,1657,2.4,2074,6.3,24,1246,78,9.7,1003.1,1015.3,154,1001.1,1628,1010,12.4,1.1,1100,2.31,9.56,,,,,,6.6,3.6,10.4,2.2,10,10,9.7,9.8,9.5,9.5,,,,,1.8,6.5,1.83
131,2007-03-29,8.4,4,501,15,1511,5.12,,,,,12.5,7.5,20,2059,5.2,70,2047,2,1728,5,50,1451,78.8,8.8,1001.4,1013,708,1003.1,1658,1008.3,12.5,1.1,1200,1.46,8.59,,,,,,8.1,6.4,9,2.9,9.7,10.2,9.8,10,9.6,9.6,,,,,.6,12.5,
131,2007-03-30,11.3,6.3,206,16.9,1635,,,,,,,5.8,360,5,3.8,20,34,1.5,1296,3,28,1458,59.5,7.7,1006.2,1016,956,1008.3,7,1013,12.5,6.7,1200,3.37,20.35,,,,,,6.9,5.3,12.8,5.2,12.6,11.9,10.7,10.5,9.6,9.6,,,,,2.1,10.5,
131,2007-03-31,10.7,8.3,2347,14.9,1655,9.22,,,,,13,8,70,310,5.6,70,311,1.9,1642,7.9,56,21,81.4,10.7,999.5,1012.8,103,1002.6,1205,1006.4,12.5,.3,1500,1.11,3.81,,,,,,7.8,5.4,10.3,6.6,10.8,11.4,11,11.2,11,9.6,,,,,1.2,2.5,
131,2007-04-01,9.5,6.8,340,13.4,1414,,,,,,,6.1,320,1533,2.8,320,1539,1.4,1210,1.7,34,1704,59.1,7,1005.4,1014.6,2335,1009.7,19,1012.3,12.6,0,1200,1.41,7.56,,,,,,8.4,3,8.9,4.5,9.9,10.5,10.2,10.5,10.3,9.9,,,,1.6,2.1,,
131,2007-04-02,6.8,4.3,2335,12.2,1334,,,,,,,10.5,340,1502,5.2,320,1507,2.4,2074,-3.5,27,1252,48.6,4.8,1009.9,1019.6,2333,1014.5,0,1016.9,12.6,9,1200,3.22,22.38,,,,,,2.5,2.5,8.4,.9,7.8,9.2,9.5,10,10.1,10,,,,2.3,4,,
131,2007-04-03,6.3,1.8,603,11.6,1418,,,,,,,11.2,320,1552,5.5,320,1645,2.8,2419,-6.4,17,1255,41.5,3.8,1012,1020.7,920,1017.2,1705,1019,12.7,10.4,1300,3.34,23.24,,,,,,1.9,1.9,7.9,-3.3,8.7,9.4,9.3,9.7,10,10,,,,2.5,4.1,.3,
131,2007-04-04,7.3,4,530,12.2,1414,.45,.3,519,.3,,.3,11.3,340,523,6.4,320,524,2.6,2246,-5.4,22,1144,42.4,4.2,1015.6,1026.7,2354,1017.9,411,1022.6,12.7,11,1200,3.27,23.93,,,,,,2.4,1.8,9,-.3,9.4,9.7,9.4,9.7,10,10,,,,3.3,4.1,,
131,2007-04-05,8.9,-.3,628,16.6,1557,,,,,,,5.9,250,1340,3.3,340,1341,1.2,1037,-5,12,1448,42.9,4.3,1019.3,1028.6,722,1023.4,1833,1026.3,12.7,9.4,1200,3.32,22.22,,,,,,4.5,.8,10.4,-3.9,10.4,10.1,9.6,9.8,10,10.1,,,,2.6,4.2,,
131,2007-04-06,11,4.8,637,18.8,1438,,,,,,,7,270,1315,4,250,1322,1.5,1296,-.7,17,1456,46.5,5.9,1015.5,1025.9,0,1018.8,1600,1022.4,12.8,10,1200,3.37,23.66,,,,,,4.5,4.3,13.5,.2,13.1,12.3,11.3,11,10.1,10.2,,,,3,4.4,,
131,2007-04-07,10,3.3,553,17.2,1405,,,,,,,7.7,340,1537,4.8,340,1656,1.4,1210,2,20,1114,60.5,7.1,1013.2,1022,851,1018,1700,1020.2,12.8,7.7,1200,3.16,20.29,,,,,,5.5,3,12.1,0,12.6,12.4,11.5,11.6,10.5,10.3,,,,3,3.8,,
131,2007-04-08,10.7,5.7,555,16.9,1354,,,,,,,8.1,340,1439,4.8,340,1325,1.5,1296,.8,19,1345,54.5,6.7,1012.1,1021,2357,1017,1602,1019,12.9,8.2,1000,2.48,18.57,,,,,,2.5,1.4,12,1.5,12.4,12.3,11.8,11.8,10.6,10.5,,,,2.7,3.5,,
131,2007-04-09,11.1,2.6,649,19.1,1532,,,,,,,6.7,250,1404,3.7,320,1628,1.4,1210,-2.8,14,1535,42.6,5.1,1014.5,1023.2,952,1019.5,1638,1021.4,12.9,9.6,1200,3.3,23.69,,,,,,.1,.1,12.9,-1.5,13.1,12.8,11.8,11.7,11,10.5,,,,3.9,4.6,,.67
131,2007-04-10,12.3,3.7,549,20.1,1434,,,,,,,8.4,270,1439,4.7,270,1237,1.6,1382,-3.9,18,1436,36.5,4.7,1013.9,1022.3,614,1018.5,1518,1020.8,12.9,8.9,1200,2.77,19.36,,,,,,3.6,1.9,13.4,.1,13.3,12.9,12.1,12.1,11.2,10.5,,,,3.2,5.1,,
131,2007-04-11,13.2,6.7,558,21.1,1546,2.75,1.5,2206,5,2133,6,9.1,340,2009,4.2,320,2014,1.5,1296,-.5,15,1510,43.5,6.1,1013.3,1022.6,2213,1017.2,1530,1020.1,13,9.3,1200,2.95,21.15,,,,,,5.4,3,15.5,1.9,15.3,14.4,13.2,12.9,11.2,10.7,,,,2.9,4,7.5,
131,2007-04-12,15.1,8.8,524,22.7,1431,.67,1,0,1.5,0,1.5,10.7,250,1502,5.4,250,1510,1.7,1469,2,17,1433,50.1,7.6,1008.6,1022.1,0,1011,2357,1015.3,13,2.9,1200,2.54,14.92,,,,,,9.1,5.8,14,6.4,14.3,14.2,13.3,13.2,11.7,10.8,,,,1.6,2.6,3.5,.83
131,2007-04-13,11.2,7.1,2341,16.6,9,5.73,2,334,3,321,3.5,8.5,270,1020,4.9,270,1034,3,2592,6.8,24,1,74,10,1003,1013.3,2319,1007.2,759,1009.8,13,0,1300,.6,1.73,,,,,,9.1,5.1,9.8,4.5,11.1,12.3,12.3,12.8,12,11,,,,1.4,2,0,
131,2007-04-14,12,5.1,559,19.8,1638,,,,,,,7.4,250,1340,3.7,270,1632,1.7,1469,1.6,21,1652,53.5,7,1006.1,1015.2,1038,1010.9,1548,1012.9,13.1,9.9,1200,3.37,24.26,,,,,,1.3,.1,12.3,.9,12.3,12.3,11.6,11.8,11.9,11.2,,,,3.4,4.8,,
131,2007-04-15,13.3,7.9,550,18.7,1609,1.9,.5,2349,.5,2300,.5,7.7,160,2306,4.7,160,2313,1.5,1296,2.1,19,1600,47.9,7.2,1002.6,1012.9,0,1006.6,1639,1009.4,13.1,5.6,1100,2.9,17.7,,,,,,8.5,4.6,13.3,5.2,14.1,13.6,12.9,12.8,11.9,11.2,,,,1.4,2.2,9,
131,2007-04-16,8.5,6.9,953,11.8,1720,14.67,1,908,4.5,904,18.5,5.6,160,24,3.5,70,119,1.8,1555,5.2,62,1639,78.5,8.8,1001.9,1012.5,2344,1006.8,1536,1008.8,13.2,1.1,1500,1.34,5.6,,,,,,9.1,6.5,9.5,6.4,10.7,12,12.1,12.5,12,11.4,,,,.3,.5,10,
131,2007-04-17,10.4,5.2,600,16.4,1455,,,,,,,5.6,270,902,3.3,340,1718,1.6,1382,1.9,28,1514,57.3,7,1007.3,1016.5,2322,1012.4,1,1014.2,13.2,7.3,1300,2.91,20.4,,,,,,6.1,3.6,11.8,1.8,12.5,12.2,11.9,11.9,12,11.5,,,,2.5,3.7,,
131,2007-04-18,12,5.7,610,19,1602,,,,,,,5.7,340,1607,4,340,1615,1.3,1123,-.2,23,1212,46.6,6.2,1007.6,1016.2,26,1011.4,1604,1014.4,13.2,10.2,1200,3.32,23.76,,,,,,3.5,2.8,13.3,3,13.6,13.5,12.7,12.6,12,11.5,,,,3.2,4.5,,
131,2007-04-19,13.4,5.5,634,20.6,1543,,,,,,,11.2,200,1317,5.5,270,1258,2,1728,-3.5,13,1652,34.4,4.8,1009.1,1017.1,741,1014.2,1539,1016,13.3,10.7,1200,3.38,24.01,,,,,,1.9,.5,12.4,1,13.5,13.5,12.9,12.9,12,11.5,,,,4.1,6.2,,
131,2007-04-20,15.9,6.8,546,21.2,1353,3.37,0,,0,,0,14.3,250,1323,6.7,270,1444,2.6,2246,5.8,29,856,52.5,9.7,1005.2,1016.4,52,1007.7,1651,1012,13.3,1.9,1300,2.09,11.21,,,,,,7.9,5.3,13.6,3.7,13.8,13.3,13,13,12.4,11.6,,,,2.2,3,0,
131,2007-04-21,19.9,15,608,27.2,1353,1.83,.5,2339,.5,2249,.5,9.5,290,1518,5,270,2227,2.2,1901,12.4,23,1357,63.8,14.5,1004.3,1014.3,917,1007.9,1816,1010.9,13.3,7.1,1200,3.34,21.74,,,,,,7.6,5.9,21.2,13.4,19.6,17.5,15.5,14.7,12.5,11.7,,,,3.6,5.1,1.5,
131,2007-04-22,14.5,10.5,2342,18.7,115,1.33,.5,117,.9,115,1,7.6,250,243,4.3,340,513,2.2,1901,6.7,26,1508,61.9,10.4,1004.7,1013.1,2205,1008.6,231,1011.4,13.4,0,1100,1.58,11.26,,,,,,9.5,4.4,15.5,7.7,16.6,16.9,16.1,15.8,12.8,12,,,,2,2.8,,
131,2007-04-23,15,7.5,601,21.9,1551,,,,,,,5.9,340,1908,3.9,320,1916,1.4,1210,-2.1,14,1337,34.5,5.4,1007.7,1016.3,830,1012.3,1617,1014.5,13.4,11,1200,3.4,25.2,,,,,,2.8,0,16.4,3.8,16.9,16.2,15.2,15,13.5,12.1,,,,4,5.5,,
131,2007-04-24,12.9,9.8,548,17.3,1550,,,,,,,6.9,320,1717,4.2,320,1724,1.4,1210,1.5,29,1938,45.5,6.8,1005.6,1015.5,14,1009.6,1717,1012.4,13.4,.8,1400,1.37,10.13,,,,,,5.9,3.5,12.7,5.9,14.2,14.9,14.5,14.8,13.6,12.3,,,,1.9,2.7,0,
131,2007-04-25,14.9,9.7,544,21.5,1445,.83,0,,0,,0,9.8,270,1432,5.5,270,1654,2.4,2074,3.8,20,1429,49.6,8.1,1004.8,1014.2,2353,1009.2,1546,1011.6,13.5,11.2,1300,3.15,23.52,,,,,,2.8,2,17.1,4.8,16.9,16,14.9,14.7,13.6,12.5,,,,3,5.3,,
131,2007-04-26,15.6,9.7,528,22.8,1432,,,,,,,7,340,1705,3.7,320,1707,1.4,1210,2.2,16,1512,46.8,7.5,1011.1,1020.4,2345,1014,17,1017.9,13.5,7.6,1100,3.32,21.14,,,,,,3.3,0,16.1,4.7,17,16.8,15.7,15.4,13.7,12.6,,,,2.6,4,,
131,2007-04-27,14.9,8.2,454,23.9,1412,,,,,,,8.6,290,1601,4.7,320,1728,1.6,1382,-.1,17,1406,39.4,6.2,1012.4,1021.1,2311,1015.8,1530,1019.2,13.5,7.6,1300,3.16,20.63,,,,,,3.6,2,17.1,3.9,17.4,16.8,15.6,15.5,14,12.6,,,,3.3,4.7,,
131,2007-04-28,15.4,7.2,540,23.4,1428,,,,,,,8.9,320,1319,5.1,340,1500,2.1,1814,-3.7,10,1439,29,4.7,1014.6,1023.4,841,1018.9,1604,1021.5,13.6,12.4,1300,3.46,26.78,,,,,,0,0,17,1.7,17.7,16.9,16,16,14,12.8,,,,4.4,6.3,,
131,2007-04-29,16.6,6.6,540,25.1,1540,,,,,,,7,270,1452,3.9,270,1456,1.3,1123,-3.7,9,1551,28.9,4.8,1013.4,1022.4,711,1017.5,1606,1020.2,13.6,12,1200,3.32,25.38,,,,,,2.6,0,18.1,2.4,18.5,17.8,16.9,16.4,14.2,13,,,,4.2,6,,
131,2007-04-30,14.4,8.5,619,19.6,1240,5.33,1,2259,2.5,2218,4,5.8,50,2256,3.6,50,2328,1,864,2,18,1241,46.5,7.3,1007.4,1019.9,0,1008.7,2358,1014.2,13.6,.1,1200,1.71,8.21,,,,,,8.8,3.8,14.3,4.1,15.6,16.2,15.9,16,14.5,13,,,,.2,.3,19.5,
131,2007-05-01,12.8,11,229,14.6,1431,15.23,1.5,40,5.5,26,17.5,7.3,50,312,4.7,50,314,1.6,1382,11.2,81,1448,88.3,13.3,998.3,1008.7,0,1003.4,1425,1005.1,13.7,0,1000,.72,3.52,,,,,,9.6,6.3,13.2,10.4,14.2,14.8,14.6,14.9,14.5,13,,,,.3,.4,2,
131,2007-05-02,16.6,11.5,312,24.7,1528,,,,,,,7.6,230,1418,3.8,270,1755,2.1,1814,6.9,17,1522,57.9,10.2,1003.6,1012.9,2350,1008.1,45,1010.3,13.7,10.2,1200,3.39,25.66,,,,,,3.5,3.5,17.5,9.8,17.5,16.5,15.5,15.1,14.4,13.4,,,,3.4,4.9,,
131,2007-05-03,16.8,11.9,304,21.4,1527,,,,,,,8.6,250,1500,4.7,270,1500,2.1,1814,10.8,48,1400,68.1,13,1005,1013.6,657,1008.7,1746,1011.7,13.7,2.5,900,2.14,14.5,,,,,,7.5,4.9,15.7,8.5,16.5,16.6,15.8,15.9,14.5,13.4,,,,2.2,2.8,,
131,2007-05-04,19,13.4,541,25.4,1444,,,,,,,9.5,270,1419,5.4,270,1531,1.9,1642,10,28,1655,58.5,12.4,1001.4,1010.9,0,1005.2,1723,1008,13.8,7.4,1100,3.26,21.17,,,,,,3.3,2.3,18.5,9.6,19.2,18.2,16.9,16.5,14.5,13.5,,,,4.4,5.4,,
131,2007-05-05,20.8,12.1,600,28.4,1443,,,,,,,5.6,320,2249,3.5,320,2253,1.2,1037,7.9,19,1736,48.5,10.9,1000.1,1009.6,740,1003.3,1716,1006.7,13.8,10.4,1200,3.27,24.37,,,,,,3.8,.9,21.2,9.8,21.5,19.9,18.3,17.7,14.8,13.5,,,,4.5,5.4,,
131,2007-05-06,19.1,15.9,538,24.1,1449,,,,,,,5.2,230,2204,3,20,1105,1.3,1123,11.7,36,1442,63.1,13.8,996.2,1006,0,1000.7,1738,1002.8,13.8,1.1,1300,2.51,12.57,,,,,,8.4,5,20,13.4,20.6,19.9,19,18.4,15.5,13.5,,,,1.9,2.9,,
131,2007-05-07,19.7,12.5,551,27.9,1526,,,,,,,8.1,250,1541,4.5,270,1600,2.1,1814,6.9,12,1652,49.4,10.3,999.9,1009.3,2356,1004.6,0,1006.5,13.9,11,1200,3.22,25.45,,,,,,.4,0,21.3,9.2,21.5,20.6,19,18.4,15.9,13.7,,,,4.3,6.2,,
131,2007-05-08,20.6,15.5,549,27,1426,,,,,,,9.2,270,1517,5.1,250,1509,2.3,1987,7,23,1713,43,10.2,1004.6,1013,2133,1009,9,1011.2,13.9,11.1,1200,2.97,22.91,,,,,,1.8,0,21.6,11.2,21.8,21,19.6,18.8,16.1,13.8,,,,4.5,6.2,,
131,2007-05-09,17.2,12.1,512,24.5,1309,5.42,10.5,1757,35,1718,43,9,20,2244,5,270,1439,2,1728,6.9,21,1312,57,10.5,1004,1014,629,1006.2,1833,1010.7,13.9,1.3,1000,2.19,13.66,,,,,,8.5,5.6,18.2,6.3,19.2,19.2,18.6,18.7,16.6,14.4,,,,4.5,6.3,43,
131,2007-05-10,16.1,9.9,500,22.9,1454,,,,,,,7.7,340,1257,4,320,1305,2,1728,6.9,22,1500,58.9,10.1,1008.6,1017.5,2347,1011.2,0,1015.3,14,10.3,1200,3.35,26.11,,,,,,2.3,.9,17.5,6.6,18.5,18.5,17.8,17.8,16.5,14.5,,,,3.7,5,,
131,2007-05-11,19.3,11,516,26.3,1508,,,,,,,6.8,270,1547,3.4,270,1605,1.4,1210,6.3,14,1604,48.1,9.8,1009,1019.1,755,1012.4,1757,1015.7,14,9.6,1200,3.52,25.34,,,,,,5.8,2.3,19.1,7.5,20,19.1,18.2,17.9,16.5,14.3,,,,4.3,6.3,2,
131,2007-05-12,15.3,12.6,2349,19.6,0,8.42,1,903,3,847,8,8.2,250,1802,4.6,270,1855,2.2,1901,10.7,43,0,74,13,1002.4,1013.1,15,1004.5,1818,1009.1,14,0,1400,.54,3.38,,,,,,8.6,5.6,15.3,9,16.6,17.2,17.5,17.7,16.5,14.8,,,,.5,.7,6,
131,2007-05-13,17.2,10.2,522,23.9,1620,,,,,,,10.7,270,1443,5.6,270,1451,2.4,2074,5.1,21,1457,48.8,8.9,1005.4,1014.2,938,1010.3,1755,1012.1,14.1,12.2,1200,3.5,28.03,,,,,,.3,.3,16.5,6.3,17.5,17.4,17,17,16.4,15,,,,5,6.4,,
131,2007-05-14,19.1,15.4,448,24.6,1309,.17,0,,0,,0,14.8,270,1337,7.9,270,1342,3.1,2678,7.4,21,1155,49.6,10.7,1003.9,1012.2,342,1008.1,1609,1010.6,14.1,8.9,1200,3.58,25.15,,,,,,3.3,2,17.7,8.7,18.5,18.4,17.7,17.5,16.2,14.9,,,,4.6,5.9,0,
131,2007-05-15,19.8,12.9,428,26.2,1510,,,,,,,5.9,270,1748,3.4,270,1813,1.2,1037,7,15,1807,49.3,10.4,1005.1,1014.6,816,1009.5,2350,1011.7,14.1,9.1,1100,3.15,23.49,,,,,,5,1.4,19.9,11.1,19.9,19.8,19,18.3,16.5,15,,,,3.7,4.9,,
131,2007-05-16,16.4,14.1,2357,21.1,1215,11.17,2.5,2018,10,1945,44,7,270,2350,4.1,250,2354,1.5,1296,11.8,39,17,74.8,13.9,994.2,1009.6,4,992,2202,1000.8,14.1,0,900,.74,3.71,,,,,,9.4,5.6,16,11.5,16.7,18,17.9,18.2,16.7,15.2,,,,.9,1.2,46,
131,2007-05-17,18.9,13.1,217,25.7,1543,5.92,.5,142,1,135,2,9,270,349,4.4,270,240,3,2592,7.6,20,1537,51.9,10.7,990.1,998.6,1144,992.1,317,996.6,14.2,8.8,1200,3.59,25.72,,,,,,6.6,4.1,19.2,12.3,19.3,18.9,17.8,17.6,16.7,15.3,,,,4.4,6.5,0,
131,2007-05-18,16.3,13.6,2358,20.7,1024,2.8,.3,1809,.5,1757,.5,11.2,270,1142,5.5,270,1126,2.4,2074,9.7,40,13,64.8,12,993.2,1004.1,2350,995.3,19,999.9,14.2,4.7,900,2.57,12.99,,,,,,6.4,4.8,15.8,12.1,17.6,18.1,17.8,17.9,16.8,15.5,,,,1.4,2.4,.5,
131,2007-05-19,17.1,12.8,550,22.7,1420,,,,,,,5.9,290,1441,3.8,340,1413,1.7,1469,9.2,34,1426,61,11.7,1001.1,1011.2,2400,1004.1,0,1007.8,14.2,7.4,1100,3.2,21.61,,,,,,5.5,5.5,18.3,9.7,19.1,18.7,17.9,17.8,16.8,15.5,,,,3,4.2,,
131,2007-05-20,18.3,12,600,24.7,1503,,,,,,,5.8,180,1524,3.5,270,1319,1.4,1210,9.4,27,1728,58.9,12,1005.2,1013.7,809,1009.6,1709,1011.9,14.2,11.7,1200,3.49,27.79,,,,,,1.5,1,19.9,8,20.4,19.6,18.8,18.4,16.9,15.5,,,,4,5.1,,
131,2007-05-21,18.2,12.5,545,24.1,1613,,,,,,,4.8,270,1528,2.7,250,1512,1.1,950,6.3,23,1724,48.8,9.7,1006.4,1014.5,1105,1011.1,1801,1013.1,14.3,6.7,1400,2.94,18.78,,,,,,4.5,1.4,18.9,8.2,19.5,19.4,18.8,18.9,17,15.6,,,,2.5,3.7,,
131,2007-05-22,19.4,10.4,543,27.2,1717,,,,,,,5,320,1924,2.8,320,1913,1.2,1037,6.7,19,1219,47.5,9.9,1005.8,1014.8,652,1009.7,1640,1012.5,14.3,12,1200,3.63,28.12,,,,,,2.5,0,21,5.9,22,21.2,19.7,19.1,17.3,15.8,,,,4.5,5.9,,
131,2007-05-23,21.3,13.8,524,26,1432,,,,,,,4.2,160,1400,2.4,200,1442,1.1,950,8.5,24,1315,46.5,11.3,1003.5,1012.8,0,1007.4,1735,1010.1,14.3,4.5,1100,3.04,18.76,,,,,,6.9,2.5,22,9.7,22.3,21.7,20.7,20.2,17.5,16,,,,3.2,4.5,,
131,2007-05-24,21.4,17.6,506,28.3,1345,8.03,2,2020,7.5,1954,28,8.7,180,1307,4.4,160,1308,2,1728,14.4,35,1205,66.6,16.7,995.5,1008.5,21,997.3,2351,1002,14.3,4.7,1100,3.3,16.83,,,,,,7.6,4.9,22.7,14,23,22.4,21.3,20.7,17.8,16.2,,,,2.3,2.9,30.5,
131,2007-05-25,21.4,18.1,2353,26.8,1534,6.67,.5,3,1.5,0,2.5,8.2,320,1426,5,320,1434,2.1,1814,12.3,24,1732,61,14.9,992.5,1002.4,2400,995.7,131,999.1,14.4,9.7,1200,3.42,25.53,,,,,,4.8,2.8,22.5,15.9,23.3,22.6,21.7,21.1,18.2,16.3,,,,4.5,6,,
131,2007-05-26,21.8,15.8,459,27.5,1422,,,,,,,10.6,250,1624,5.6,270,1553,2.5,2160,7.2,18,1812,43.5,10.6,997.9,1005.9,848,1002.3,5,1004.4,14.4,11.7,1200,3.4,27.54,,,,,,0,0,21.2,12.8,22,21.8,21.2,21.1,18.5,16.5,,,,5.5,7,,
131,2007-05-27,23.2,18.5,506,29,1332,,,,,,,8.6,160,2008,4.5,160,2044,2,1728,11.5,35,1940,47.4,13.6,1000.9,1012.8,2353,1004.5,0,1007.4,14.4,9.7,1200,3.17,23.66,,,,,,3.5,0,23.2,14.1,23.6,23,21.9,21.4,18.8,16.5,,,,4.6,6.6,,
131,2007-05-28,20.9,16.2,445,25.6,1526,,,,,,,7.2,160,833,4.1,160,1019,2.7,2333,10.3,37,1559,50.5,12.6,1005.7,1014.8,746,1010,1716,1012.3,14.4,10.3,1200,3.16,25.57,,,,,,3.8,.1,23.1,13.6,23.6,23.2,22.3,22.2,18.9,16.7,,,,3.9,5.7,,
131,2007-05-29,21,17.6,546,25.4,1359,,,,,,,6.9,250,1735,3.6,320,1603,2,1728,12.7,40,1517,59.6,14.8,1002.8,1011.2,730,1006.9,1801,1009.4,14.4,4.4,1100,2.28,17.31,,,,,,6.6,3.8,23,13.9,23.6,23.1,22.3,21.8,19.4,17,,,,2.9,4.1,,
131,2007-05-30,19.6,15.2,428,24.8,1626,,,,,,,6.4,340,1846,3.8,320,1334,1.8,1555,11.7,37,1637,61,13.7,1002.9,1011.5,2353,1007.5,1722,1009.5,14.5,8.3,1100,3.04,23.43,,,,,,4.5,4.5,23,14.3,23.7,23.3,22.3,21.8,19.5,17.2,,,,3.8,5,,
131,2007-05-31,21.5,15.1,434,26.9,1428,,,,,,,6.8,340,1133,3.5,50,1820,1.7,1469,11.1,28,1514,53.9,13.3,1005,1013,915,1009.5,1725,1011.6,14.5,11.1,1300,3.51,26.99,,,,,,3.8,2.1,25,11.6,24.3,23.6,22.7,21.9,19.5,17.4,,,,5.3,6.6,,
131,2007-06-01,21.1,18.2,615,24.6,1317,,,,,,,6,230,1508,3.5,160,1645,2,1728,10.8,38,1709,51.6,13,1004.5,1012.7,743,1009.6,1544,1011.1,14.5,1.3,1200,3.02,15.18,,,,,,8.8,4.6,22.5,17.1,23.2,23.3,22.6,22.2,19.8,17.5,,,,4.2,5.7,,
131,2007-06-02,22.2,17.7,553,28.2,1512,,,,,,,9.5,160,1743,6.5,160,1815,2.3,1987,10.4,28,1241,48.3,12.7,1003.5,1011.4,2350,1008.1,1548,1010,14.5,12.6,1200,3.6,28.51,,,,,,3.9,1.6,26.1,13.5,25.4,24.2,23,22.4,20,17.7,,,,5.5,7.3,,
131,2007-06-03,23.3,17.2,541,28.8,1508,,,,,,,7.7,160,1214,3.8,160,1518,1.8,1555,12.5,33,1551,52.5,14.6,1005,1012.6,811,1009.8,1732,1011.5,14.5,9.8,1000,3.06,23.47,,,,,,2.8,1.3,25.7,14.7,25,24.6,23.6,23.1,20.1,17.8,,,,4.6,6.4,,
131,2007-06-04,22.7,18.8,608,27.2,1511,,,,,,,5.8,340,1835,3.2,320,1838,1.5,1296,14.4,43,1517,59.6,16.5,1004.5,1013,912,1008.9,1735,1011.1,14.5,4.1,1100,2.51,18.18,,,,,,6.6,2.4,25.8,15.4,24.9,24.4,23.5,23.1,20.4,18,,,,3.3,4.9,,
131,2007-06-05,22.1,19.7,601,26.3,1550,,,,,,,8.3,230,1433,5.3,270,1439,2.3,1987,15.4,49,1642,65.5,17.6,1002.4,1010.4,0,1007.3,1726,1008.9,14.6,2.4,1400,2.33,14.63,,,,,,7.3,4.3,24.6,18,24.7,24.1,23.4,23,20.7,18.2,,,,2.6,3.9,0,
131,2007-06-06,21.6,19.2,2354,26.8,1458,3.97,.5,2048,.5,1958,.5,12.6,270,1950,6.5,270,1950,2.2,1901,15.7,45,1420,69.1,17.9,1002.6,1010.2,1149,1005.8,2001,1009.2,14.6,2.4,1400,2.54,13.17,,,,,,9.4,5.3,23.8,17.2,24.3,23.9,23.2,22.8,20.5,18.3,,,,2.3,3.6,.5,
131,2007-06-07,21.6,17.8,422,26.6,1337,,,,,,,7.7,250,1453,4.4,250,1641,1.8,1555,14.4,43,1344,63.6,16.4,1002.4,1010.7,947,1007.2,1816,1009,14.6,3.2,1200,3.13,18.39,,,,,,7.8,5.6,24.4,16.1,24,23.6,22.9,22.5,20.5,18.4,,,,4,5.1,,
131,2007-06-08,21.5,17.9,2302,26.9,1517,1.25,.2,,.2,,.2,7.2,320,1636,4.5,340,1716,2.1,1814,14.7,44,1331,65.5,16.8,1002.2,1011.1,2254,1005.9,1548,1008.7,14.6,4.5,1300,2.95,18.72,,,,,,7.3,7.3,26,15.2,25.3,24.9,23.4,23.2,20.7,18.5,,,,4.1,5.1,.2,
131,2007-06-09,20.5,15,532,25.5,1544,,,,,,,8.6,50,1017,4.6,50,1211,2.5,2160,10.1,33,1208,52.9,12.4,1004.6,1012.5,2312,1010.2,1538,1011.2,14.6,12.1,1100,3.43,28.3,,,,,,2,2,25.2,13.2,24.8,24.3,23.5,23.1,20.7,18.5,,,,4.5,6.6,,
131,2007-06-10,22.2,15.1,531,28.9,1614,,,,,,,6.4,70,1323,4,70,1327,1.7,1469,11.6,28,1651,53.6,13.8,1004.6,1013.2,826,1008.4,1627,1011.2,14.6,12.3,1200,3.51,28.83,,,,,,.5,.5,27.9,11.7,26.2,25.1,24,23.4,20.9,18.9,,,,5.4,7,,
131,2007-06-11,23.8,18.6,525,30.2,1511,,,,,,,7,340,1707,4.7,340,1716,1.7,1469,12.7,29,1648,51.4,14.9,1004.4,1012.3,638,1008.8,1514,1010.9,14.6,10.4,1200,3.42,25.7,,,,,,2.4,0,29.3,15.8,27.3,26.1,24.9,24.1,21,18.9,,,,4.3,6.9,,
131,2007-06-12,24.8,18.9,603,30.7,1544,,,,,,,6.6,340,1729,4.3,340,1748,1.5,1296,12.1,28,1600,46.3,14.2,1003.8,1011.8,631,1007.8,1715,1010.3,14.6,11.3,1200,3.19,26.12,,,,,,4.3,2.9,30.3,16.1,27.8,26.8,25.5,24.6,21.5,19,,,,5.8,7.3,,
131,2007-06-13,23.1,18.8,432,28.5,1354,7.3,.5,2311,.8,2248,1,5.4,340,1256,3.4,340,1305,1.3,1123,14.8,36,1321,61,17,1000.7,1010.7,0,1004.9,1544,1007.3,14.6,3.6,1100,3.02,16.19,,,,,,7.5,4,25.7,15,26,26,25.1,24.6,21.6,19,,,,2.3,3.5,4,
131,2007-06-14,21.4,19.1,206,25.5,1652,11.33,.5,4,1,0,3,6.8,70,1416,4.3,70,1551,2.2,1901,14.9,43,1654,67.5,17.2,1000.1,1008.9,2328,1005.3,1633,1006.7,14.7,.6,1500,1.8,9.47,,,,,,8.8,4.9,21.7,18,22.5,23.6,23.5,23.5,22,19.2,,,,2.4,3.4,0,
131,2007-06-15,22.5,18.1,535,27.8,1639,,,,,,,8.7,50,1441,5.2,70,1553,2.9,2506,9.4,21,2057,45.8,12.1,1003.5,1012,2358,1008.3,232,1010.1,14.7,5.4,1400,3.14,20.53,,,,,,6.3,1.6,25,15.6,24.4,23.5,22.9,22.7,21.5,19.5,,,,5.4,7.1,,
131,2007-06-16,23.9,16.4,503,31.3,1555,,,,,,,10.7,110,1151,6.2,90,1146,2.9,2506,2.1,12,1513,27,7.3,1005,1013.2,552,1009.1,1738,1011.6,14.7,10.6,1200,3.81,27.76,,,,,,2.9,.9,27.6,12.8,25.2,24.2,23.7,23.2,21.3,19.5,,,,7.8,10.4,,
131,2007-06-17,22.9,18,438,28.5,1631,,,,,,,7.6,140,1638,3.9,180,1735,1.8,1555,6.8,20,0,35.4,10.1,1005.1,1013.2,823,1010,1636,1011.7,14.7,3.4,1500,2.55,17.38,,,,,,5.3,4.8,26.6,14.9,25,24.7,23.9,23.5,21.4,19.4,,,,4.2,6.1,,
131,2007-06-18,25.2,18.6,447,31.5,1522,,,,,,,5.4,70,1213,3.3,50,1216,1.3,1123,11.2,21,1153,44.1,13.5,1005.1,1012.9,555,1009.6,1614,1011.6,14.7,12.8,1200,3.5,28.72,,,,,,1.1,1,31,14.2,28.4,26.6,25.1,24.2,21.5,19.5,,,,6.2,7.8,,
131,2007-06-19,25.6,17.8,532,32.7,1505,,,,,,,6.4,340,1613,3.8,160,1801,1.5,1296,10.2,13,1411,42.9,12.9,1006,1014.5,815,1010.2,1730,1012.5,14.7,12.4,1200,3.62,29.6,,,,,,1.3,0,31.8,12.9,29.1,27.5,26.1,25.1,21.8,19.5,,,,7.1,8.6,,
131,2007-06-20,24.9,20.5,435,30.7,1456,,,,,,,6.7,340,1754,4.8,340,1801,1.8,1555,16.1,33,1328,59.6,18.5,1004.9,1013.7,612,1009.1,1731,1011.4,14.7,7.6,1200,3.46,23.6,,,,,,6.1,2.4,31.7,17.4,28.9,28.2,27.7,27.2,22.2,19.7,,,,5.1,6.2,.5,
131,2007-06-21,22,19.9,2328,25,1130,14.57,2.5,2007,6,1953,21,7.5,50,1821,4.4,50,1724,1.9,1642,18.8,64,1144,81.9,21.8,1000.4,1010.8,0,1003.3,2358,1006.9,14.7,0,1100,.99,4.78,,,,,,10,6.6,22.8,19.5,24.1,25.2,25.2,25,22.6,19.8,,,,.2,.4,25.5,
131,2007-06-22,23.4,19.6,338,28.3,1644,8.33,.5,20,2,20,5,5.2,200,1827,3.1,180,1833,1.7,1469,18.1,50,1722,72.9,20.9,997.5,1007,2303,1002,319,1004,14.7,4,1400,2.58,15.45,,,,,,7.4,4.4,24.2,19.4,24.5,24.2,23.6,23.6,22.2,19.9,,,,2.1,4,0,
131,2007-06-23,22.6,17.2,2352,26.8,1002,9.22,2,2348,6,2301,9.5,5.6,140,2158,3.4,160,2207,1.3,1123,18,57,1118,75.5,20.9,1000.6,1008.7,911,1005.7,2013,1007.2,14.7,.7,900,2.19,10.51,,,,,,9,4.3,22.8,16.7,23.4,24,23.7,23.6,22.1,19.9,,,,1,1.5,41.5,
131,2007-06-24,19.4,16.9,117,21.5,1808,18.33,7.5,339,18.5,334,36.5,6.7,230,2234,4,70,352,1.4,1210,17.9,86,1811,90.3,20.7,994.2,1006.5,0,999.1,1652,1000.8,14.7,0,1400,.42,3.08,,,,,,10,6.3,20.3,16.6,21,21.7,21.6,22,21.8,20,,,,.2,.5,4.5,
131,2007-06-25,22.4,19.4,116,25.5,1243,,,,,,,4.2,270,9,2.3,270,1453,1,864,18.3,62,1252,76.9,21.1,995.6,1003.2,859,1000.9,1715,1002.2,14.7,.7,1200,1.99,10.03,,,,,,9,5.6,22.6,18.5,23.1,22.8,22.2,22.1,21.5,20,,,,1.4,1.9,,
131,2007-06-26,25.2,21.1,633,30.5,1617,,,,,,,4.3,340,1905,2.5,290,1640,1,864,18.7,43,1619,68.8,21.8,998.5,1007.8,2351,1002.5,0,1004.9,14.7,5.8,1400,2.64,19.38,,,,,,6.5,3.8,24.9,19.7,25.7,24.6,23.5,23,21.5,20,,,,3.3,4.9,,
131,2007-06-27,26.3,21.8,627,30.2,1421,1.17,0,,0,,0,4.8,290,1210,2.5,250,1327,.9,778,19.3,36,1424,66.6,22.7,1000.8,1008.1,811,1006.2,2019,1007.2,14.7,3.7,1100,3.11,16.58,,,,,,8.3,4.3,26,20.1,25.9,25.4,24.5,23.9,21.6,20,,,,2.4,3.6,.1,
131,2007-06-28,26.4,24.3,337,31.7,1402,3.92,2.1,1943,2.1,1940,3,8.2,180,1301,4.4,180,1304,2,1728,22.2,54,1421,77.9,27.1,997.2,1006.6,2,1001.5,1935,1003.6,14.7,.7,1200,2.49,9.98,,,,,,10,4.8,26.2,22.9,26.3,25.9,24.9,24.4,22,20,,,,2.5,3.6,4.4,
131,2007-06-29,24.2,21.8,2331,27.2,1346,5.12,1,420,1,420,1.5,6.6,250,1115,3.9,270,1117,2,1728,19.8,60,1348,76.6,23.4,998.2,1007.5,2338,1003.1,436,1004.7,14.7,.5,1100,1.75,10,,,,,,9.9,5.5,24.5,21.2,25,25.4,24.9,24.3,22.3,20.2,,,,2.2,2.8,0,
131,2007-06-30,25.4,20.9,501,30.7,1554,,,,,,,10,140,2235,5.1,140,2319,2.1,1814,17.7,38,1555,63.6,20.4,1000.6,1009.2,831,1005.1,2320,1007,14.7,7.3,1300,3.39,22.78,,,,,,7.8,5.8,26.2,20.7,26.6,26,25,24.3,22.5,20.4,,,,4.8,6.3,47,
131,2007-07-01,21.7,19.4,505,24.4,0,11.03,3.5,322,15,259,47.5,8.3,140,13,4.1,70,511,2.3,1987,18.1,63,0,79.4,20.9,998.4,1006.7,429,1003.7,1758,1005,14.6,0,900,.73,3.91,,,,,,10,6.5,21.8,19.1,22.1,23.3,23.6,23.8,23,20.5,,,,1.2,1.8,.6,
131,2007-07-02,23.1,21.5,112,25.1,1041,5.08,2.5,1350,9,1325,14,6.8,160,1022,3.8,160,1035,1.5,1296,20,70,1030,82.4,23.7,995.7,1004.2,0,1000.8,1359,1002.1,14.6,0,1000,1.01,4.55,,,,,,10,6,21.9,20.2,22.7,23.4,23,23,22.5,20.7,,,,.4,.6,14,
131,2007-07-03,24.8,21.8,414,28.4,1354,.75,.1,,.1,,.1,4.5,270,2117,2.7,270,2118,1.3,1123,20,56,1804,75,23.6,996.9,1005,1102,1001.6,2357,1003.3,14.6,.7,1300,1.95,13.65,,,,,,9.8,5.9,25.3,21.4,25.5,24.9,24.1,23.6,22.3,20.7,,,,2,3,35.5,
131,2007-07-04,22.5,20.5,739,25.5,1724,7.67,7,534,15.5,512,36.5,5.5,50,1319,3.3,50,1328,1.2,1037,19.3,60,1852,81.6,22.5,994.7,1003.5,2330,999.1,508,1001.2,14.6,3,1600,1.9,9.5,,,,,,7.3,4.4,22.3,20.4,23.9,24.5,23.9,23.7,22.7,20.8,,,,1.3,2,1,
131,2007-07-05,23.6,20.8,355,27.9,1452,.07,0,,0,,0,6.1,180,1002,3.2,270,1335,1.8,1555,18.8,57,1556,74.4,21.9,998.4,1006,745,1003.4,0,1004.9,14.6,2.4,1200,2.75,15.66,,,,,,8,3.6,24.9,20.4,24.6,24.4,24.2,23.7,22.6,20.9,,,,2.3,3.3,,
131,2007-07-06,25.5,20.5,426,29.9,1314,,,,,,,6.3,90,1256,3.6,70,1409,1.1,950,18.6,40,1315,66.8,21.6,996.2,1005.5,6,1000.5,1613,1002.7,14.6,4.1,1200,2.97,17.92,,,,,,7.4,3.6,25.6,19.1,25.5,25.5,24.6,24.1,22.5,21,,,,3.1,4.7,,
131,2007-07-07,26.3,22.5,543,30.6,1530,,,,,,,4.8,270,1300,2.9,340,1505,1.5,1296,18.1,39,1520,61.4,20.9,996.9,1004.8,2311,1001.7,1740,1003.4,14.6,9.2,1200,3.41,25.73,,,,,,6,2.8,27.8,20.3,27.3,26.7,25.8,24.8,23,21,,,,4.5,6,,
131,2007-07-08,25.8,23.3,505,29.8,1415,1,.5,1435,.5,1435,.5,6.4,140,1813,3.9,160,1816,1.7,1469,19.5,48,1748,68.4,22.9,997,1004.9,143,1001.1,1747,1003.4,14.6,3.8,1200,1.95,14.62,,,,,,7.8,3.1,25.3,21.8,26.6,26.8,26,25.5,23.2,21.1,,,,2.9,4.3,.5,
131,2007-07-09,23.8,20,2354,28.1,1500,6.13,2,2303,8,2231,19,12.8,140,1334,5,110,1439,2.8,2419,17,46,1501,66.1,19.5,995.4,1004.2,852,998.9,2025,1001.9,14.5,4.2,1200,2.9,17.55,,,,,,7.6,3.3,26.4,19.6,26.2,25.9,25.4,25.1,23.4,21.3,,,,3,4.1,54.5,
131,2007-07-10,21.3,19.5,135,23.6,1638,15.75,2,101,10.5,49,37,6,50,633,4,50,1603,2,1728,19.2,77,1510,87,22.4,992,1000.8,2211,996.3,436,998.5,14.5,0,1200,.8,5.54,,,,,,10,6.5,22.2,19.1,22.7,23.6,23.5,23.7,23.5,21.5,,,,.7,1,3,
131,2007-07-11,23.5,20.7,141,27.9,1532,5.42,.5,42,.5,42,1.5,5.7,160,1413,3.5,160,1624,1.7,1469,19.5,60,1530,78,22.8,995.7,1005.1,2240,1000.5,20,1002.2,14.5,1.3,1200,1.56,9.7,,,,,,8.9,7,24.3,20.6,24.3,24.5,23.7,23.6,23.1,21.6,,,,2,3.1,0,
131,2007-07-12,25.6,22.5,516,30.4,1418,,,,,,,6,180,1400,3.6,340,1857,1.7,1469,18.4,40,1414,66.3,21.5,1000,1008.2,2212,1004.6,151,1006.5,14.5,9.3,1200,3.36,23.84,,,,,,5.8,4.4,27.1,21.1,26.8,26.4,25.2,24.6,23,21.5,,,,4.7,5.9,,
131,2007-07-13,24.9,21.3,358,28.3,1025,,,,,,,7.8,90,1402,5.1,90,1325,2.6,2246,17.5,50,1239,63.6,20.1,1000.5,1008.4,108,1005.9,1719,1007,14.5,4.4,900,2.2,15.03,,,,,,4.9,4.3,24.9,21,24.7,25.1,25.2,25,23.4,21.6,,,,4.5,5.4,,
131,2007-07-14,24,21.9,2356,28.7,1344,,,,,,,11.6,50,1646,6.6,70,1749,4,3456,14.3,44,1345,54.4,16.4,994.9,1006.4,13,998.3,1725,1001.4,14.5,4.2,1300,3.14,20.09,,,,,,7.5,6,26.9,20.8,25.8,25.5,24.9,24.6,23.5,21.7,,,,5.2,6.9,,
131,2007-07-15,24.8,18.7,549,30.8,1453,1.17,.5,2309,1.5,2300,1.5,7.3,160,2316,3.8,160,2321,1.7,1469,16.6,42,1128,60.8,19.2,994.4,1002.4,804,999.8,2216,1000.9,14.4,9,1200,3.33,24.2,,,,,,5.5,4.3,30.2,16.9,28.5,27.1,25.9,25.1,23.5,21.7,,,,4,5.3,7,
131,2007-07-16,21.7,21.2,1431,23.7,0,10.97,1.5,125,3.5,40,7,9,160,1108,4.7,160,1134,3,2592,18.2,67,1300,80,21.1,991.8,1000.4,108,996.8,1818,998.3,14.4,0,1200,.7,4.6,,,,,,9.9,7,22.5,20.3,23.2,24.6,25.4,25.2,23.7,21.8,,,,1,1.6,1.6,
131,2007-07-17,22.5,20.3,558,25.6,1717,4.5,.1,,.1,,.1,6.9,250,5,3.8,270,201,1.6,1382,18.8,64,1712,79.1,21.9,995.8,1004.9,2329,998.7,0,1002.4,14.4,.6,1300,1.43,7.63,,,,,,8,6.3,22.6,20.1,23.5,24,24,23.7,23.5,22,,,,1.3,2.3,,
131,2007-07-18,25.9,20.6,608,31.1,1601,,,,,,,5.4,250,1454,3,270,1456,1.4,1210,19.2,41,1421,67.9,22.5,996.5,1005.3,816,1000.4,1819,1002.9,14.4,8.2,1200,3.32,24.01,,,,,,5.6,5.6,27.6,20.4,27.5,26.4,25.6,24.6,23.3,22,,,,4.8,5.4,.1,1.17
131,2007-07-19,25.2,23.7,1038,26.3,1433,8.17,5,1025,14.5,1021,24,5.6,230,1732,2.7,180,615,1.5,1296,22,69,628,82,26.8,992.4,1001,57,996.6,1414,998.8,14.4,0,1400,.74,2.22,,,,,,10,5,24.5,23.1,25.2,25.5,25.7,25.2,23.5,22,,,,.7,1,24.4,
131,2007-07-20,25.6,23.8,429,29.3,1526,2.83,.5,150,.5,100,.5,5.8,110,1615,3.8,90,1620,1.3,1123,21.5,60,2056,78.1,26,994.9,1003.3,2250,999.5,252,1001.3,14.3,.3,1200,1.35,6.87,,,,,,9,6.6,25.1,23.2,25.8,25.9,25.3,24.9,23.4,22,,,,1.6,2.3,0,
131,2007-07-21,23.4,21,2321,25.7,1600,4.08,2,1045,3,1015,6.5,5.6,270,935,3.2,270,942,1.4,1210,19.5,61,1413,78.6,22.9,998,1006,2242,1002.7,212,1004.5,14.3,0,1300,1.76,6.49,,,,,,9.8,5.3,24.8,20.9,25,25.1,24.8,24.7,23.6,22,,,,.6,1.1,6.5,
131,2007-07-22,24.7,20.4,128,30.1,1553,.17,0,,0,,0,5.2,340,1838,3.5,340,1844,1.3,1123,17.4,47,1509,64.8,20,999.9,1008.1,2330,1005.1,245,1006.4,14.3,8.2,1200,3.33,24.59,,,,,,6.6,4.3,26.7,19.9,27.1,26.6,25.2,24.9,23.5,22.2,,,,4.6,6.1,,
131,2007-07-23,24.6,21.6,547,27.6,1523,7.33,.5,2235,1,2220,1.5,3.6,290,1834,2,320,1200,1,864,19.2,57,155,71.5,22.5,1002.9,1010.5,2211,1008.1,0,1009.4,14.3,1,900,1.66,11.84,,,,,,9.4,5,25.4,20.6,25.9,26.3,25.5,25.2,23.8,22.4,,,,.8,1,63,
131,2007-07-24,24.3,21.8,637,27.3,1602,14.62,9,829,17.5,225,70,4.4,360,359,2.5,50,1724,1,864,22.7,77,1605,90.4,27.9,1002.8,1010.7,1013,1007.8,1836,1009.3,14.3,0,1500,.93,5.36,,,,,,10,6,24.7,21.6,25.1,25.2,24.8,24.8,24.2,22.2,,,,1.3,1.7,9.5,
131,2007-07-25,26,24.3,2345,28.2,1444,1.58,.5,21,.5,20,1,6.4,270,956,4,270,1023,1.5,1296,22.3,67,1449,80.4,27.2,1003.3,1010.6,2340,1008.3,425,1009.7,14.2,1.6,1400,1.72,11.61,,,,,,7.9,7.1,26.9,22.5,26.9,26.4,25.6,25.2,24,22.5,,,,2.1,2.7,,
131,2007-07-26,27.1,22.5,501,31.9,1419,,,,,,,4.7,270,1419,2.6,270,1758,1.2,1037,22.6,56,1421,77.6,27.8,1004.2,1012.2,951,1009.3,1720,1010.7,14.2,6.6,1100,2.95,20.58,,,,,,3.8,3.8,28,21.4,28.1,27.5,26.3,25.7,24.1,22.7,,,,3.7,4.6,,
131,2007-07-27,27.5,24.4,533,31.3,1416,,,,,,,6.8,270,1549,4.2,270,1547,1.8,1555,22.7,59,1135,75.3,27.9,1003.3,1011.3,813,1008.2,1749,1009.8,14.2,6,1400,2.6,19.56,,,,,,4.4,4.4,28.6,22.7,28.8,28.3,27.1,26.6,24.3,22.5,,,,3.5,4.7,,
131,2007-07-28,27.4,25.1,244,31.2,1523,,,,,,,5.2,340,1739,3.4,340,1721,1.6,1382,22.9,61,1543,76.6,28.2,1002.9,1010.6,807,1007.9,1754,1009.4,14.2,.9,1300,2.26,13.58,,,,,,9.8,4,28.3,24.4,28.4,28.4,27.3,27,24.7,22.5,,,,2.7,3.4,,
131,2007-07-29,25,22.4,1358,28.8,1240,1.38,4,1321,5,1302,5,9.6,340,1308,5.5,360,1329,1.6,1382,21.8,70,1241,82.1,26.4,1003.6,1011.9,1349,1008.6,1758,1010.1,14.1,.2,1600,.98,6.78,,,,,,9.1,6.6,25.6,21.3,26.1,26.8,26.3,26.7,25,22.6,,,,1.5,1.8,5,
131,2007-07-30,25.5,20.8,639,30.6,1554,,,,,,,5.2,160,1204,3,180,1213,1.1,950,20.2,49,1320,73.8,23.8,1003.3,1012,855,1008.1,1754,1009.8,14.1,6.8,1200,3.45,20.97,,,,,,4,3,26.1,20.3,26.7,27.1,26.4,26.1,25,22.7,,,,3.4,4.8,,
131,2007-07-31,26.7,23.4,454,31.1,1520,,,,,,,5.9,320,1255,3.3,270,1121,1.5,1296,20.6,47,1427,70.1,24.5,1000.4,1009.3,744,1004.7,1736,1006.8,14.1,6.7,1300,3.16,21.93,,,,,,4.3,3.8,29.2,21.5,29.2,28.4,27.4,26.9,25,22.8,,,,4.4,5.4,,
131,2007-08-01,27.9,24.3,455,31.9,1352,.13,0,,0,,0,10.6,270,1055,4.7,270,1325,2.2,1901,21.9,53,1411,70.3,26.6,997.5,1006,16,1002,1703,1003.9,14,5.3,1300,2.66,17.4,,,,,,6.9,4.9,29.4,22.3,29.6,28.9,27.6,27.4,25.2,23,,,,3.6,4.8,0,
131,2007-08-02,29,25.6,441,32.9,1415,,,,,,,6,180,1027,3.1,180,1124,1.5,1296,22.6,48,1359,69,27.8,997.9,1006.5,837,1002.1,1908,1004.3,14,7,1200,2.89,21.33,,,,,,4.6,3.8,32.5,23.3,31.9,30.5,29,28.2,25.5,23.1,,,,4.1,5.2,,
131,2007-08-03,27.4,24.8,1548,32.5,1351,1.18,16.5,1541,30,1533,30,7,360,1458,4.5,340,1504,1.3,1123,23,55,1202,77.9,28.5,997.3,1005.7,2209,1002.1,125,1003.7,14,3.5,1200,2.91,16.95,,,,,,5.5,5,30.5,24.4,30.8,30.7,29.3,28.9,25.7,23.2,,,,4.2,5.5,30,
131,2007-08-04,25.1,23,1433,29.7,1312,8.4,12,1127,29.5,1726,90.5,9.9,180,2002,5.4,340,1339,1.7,1469,23.3,70,1035,89.6,29,999.5,1008.5,2314,1004.6,408,1006,13.9,.3,1200,1.24,5.54,,,,,,9.3,6.1,25.5,22.9,26.6,27.9,27.5,27.3,26.1,23.5,,,,.6,.8,105.5,
131,2007-08-05,24.6,22.5,933,27.4,1430,8.4,3.5,901,9.5,902,34,6,160,1033,3.3,180,1042,1.1,950,22.2,65,1530,86.8,27,1003.2,1011.6,2328,1007.7,255,1009.7,13.9,.4,1400,1.85,6.64,,,,,,9.1,7.6,25.8,22.4,26.3,26.5,26,26.1,26.2,23.7,,,,1,1.2,19.5,
131,2007-08-06,24.9,23.7,932,27.5,1732,5.33,.5,935,1,909,2.5,4.5,230,844,2.8,200,847,1,864,21.3,62,1524,80.9,25.7,1006.2,1014.7,1044,1011.3,401,1012.8,13.9,.9,1400,2.02,8.26,,,,,,8.6,5.4,26.4,23,26.4,26.3,26,25.9,25.7,24,,,,1,1.3,11.5,
131,2007-08-07,24.5,22.7,852,27.5,1607,8.42,7,852,12.5,810,16.5,5.1,180,1755,3.2,160,1812,1.1,950,22.5,72,1609,88.5,27.5,1004.8,1013.5,847,1009.5,1937,1011.3,13.9,0,1400,.87,4.72,,,,,,8.9,5.9,24.6,22.1,25.3,25.9,25.5,25.6,25.6,24.2,,,,1.1,1.5,8,
131,2007-08-08,25.7,21.5,1015,28.4,856,7.67,10,1002,26,938,41,14.1,270,1003,5.8,290,1006,2.2,1901,22.6,70,900,83.3,27.8,1002.6,1011,1003,1007.2,908,1009.1,13.8,2.4,1400,2.34,9.19,,,,,,8.1,6.5,27.6,21.2,26.9,26.2,25.7,25.6,25.4,24,,,,1.3,1.7,42,
131,2007-08-09,27.8,24.5,256,31.1,1425,.53,2,438,2,,2,8.2,250,1050,4.2,250,1210,1.7,1469,23.4,61,1443,77.8,29.2,1003.6,1010.8,731,1009.1,1417,1010,13.8,1.4,1400,1.84,14,,,,,,7.8,5.8,27.8,23.3,27.9,27.5,26.4,26.2,25.3,24,,,,3.2,3.6,0,
131,2007-08-10,27.6,24.8,2356,32.9,1358,1.92,5.5,1509,6.5,1505,14,8.9,250,1511,4.4,250,1514,1.5,1296,22.9,51,1404,76.9,28.4,1002.2,1010.8,16,1006.5,1450,1008.6,13.8,5.5,1100,3.23,17.87,,,,,,6.5,5.8,28.3,23.7,29.3,28.5,27.5,26.9,25.7,24.4,,,,5,6.1,14,
131,2007-08-11,28.7,23.6,554,33.3,1356,,,,,,,8.7,140,1529,4.9,160,1016,2.1,1814,20.4,41,1507,63,24.3,999.3,1008.5,0,1003.5,2325,1005.7,13.7,10.1,1300,3.42,24.33,,,,,,4,2.4,29,22.4,29.1,28.7,27.8,27.4,25.6,24.5,,,,6.3,7.7,.5,
131,2007-08-12,26.6,25.2,2356,28.1,2,10.8,1,1258,2.5,1251,7,12.9,180,555,6.1,140,642,3.6,3110,21.7,57,11,75.1,26.4,993.3,1003.5,0,997.7,1457,999.7,13.7,.2,1400,1.09,5.26,,,,,,8.8,5.6,25.8,23.4,25.9,26.6,26.6,26.7,25.8,24.3,,,,.9,1.2,7,
131,2007-08-13,27.6,24.6,443,31.7,1218,4.62,1.5,2027,3,2027,3.5,8.9,160,1431,4.9,160,1439,2.2,1901,22.4,50,1221,74.9,27.5,994.4,1002.1,8,999.3,1724,1000.8,13.7,4.3,1100,3.13,19.21,,,,,,8.8,6.8,28.4,23.5,28.3,28,27,26.8,25.8,24.3,,,,4.2,5.5,5.5,
131,2007-08-14,26.7,24.9,2101,30.5,951,10.67,2.5,1209,8.5,1207,15.5,10.1,140,944,5.4,160,934,2.2,1901,23.5,62,953,82.6,29.4,995.7,1008.3,2357,998.6,406,1002.1,13.6,1.1,900,1.54,7.46,,,,,,9.1,5.9,27.5,23.4,27.3,27.6,27,27,26,24.3,,,,1.5,1.9,13,
131,2007-08-15,27.7,24.1,448,32.1,1358,,,,,,,6,160,1429,4,180,1432,1.5,1296,22.4,56,1359,73.1,27.4,1004.2,1013.3,2323,1008.3,0,1010.6,13.6,2,1300,3.15,14.39,,,,,,7.8,6.6,27.7,23.1,28.3,28.1,27.1,26.8,26,24.2,,,,3.2,4.1,,
131,2007-08-16,28.4,25.5,654,33.2,1453,,,,,,,5.5,320,1747,3,320,1750,1.4,1210,22.1,47,1323,69.5,27,1006.8,1014.2,731,1012.1,1546,1013.2,13.6,7.8,1200,3.48,19.76,,,,,,5,3.3,28.7,23.5,29.8,29.2,28.1,27.5,26.3,24.5,,,,3.5,5.4,,
131,2007-08-17,27.6,23.9,521,32.8,1541,,,,,,,6.2,340,1624,4.2,340,1739,1.5,1296,22.6,51,1213,75.3,27.7,1005.5,1013.8,710,1009.9,1815,1011.9,13.5,9,1200,3.33,23.14,,,,,,2.5,2.5,29.2,22.7,30,29.9,28.8,28.3,26.5,24.5,,,,5,6.7,,
131,2007-08-18,27.4,24.2,453,32.2,1406,,,,,,,6.5,360,1525,4.4,340,1533,1.6,1382,22.1,53,1405,73.6,26.9,1003.3,1011.1,0,1008.3,1654,1009.7,13.5,9,1300,2.98,21.01,,,,,,5.8,4,30.2,23.7,30.2,30,29.1,28.7,26.5,24.5,,,,4.5,6.2,,
131,2007-08-19,27.3,23.9,254,32.5,1548,,,,,,,5.7,320,1744,3.8,320,1745,1.3,1123,21.7,45,1345,72.1,26.2,1003.9,1011.7,2311,1008.9,1618,1010.4,13.5,7.6,1200,3.49,22.13,,,,,,6.3,5.3,30.2,23.2,31.1,30.6,29.4,29,26.9,24.5,,,,4.7,6.3,,
131,2007-08-20,27.5,23.5,435,32.5,1425,,,,,,,6.5,270,1613,4,270,1622,1.5,1296,22,46,1325,73,26.8,1003.7,1011.6,0,1008.2,1759,1010.1,13.4,6.8,1200,2.81,20.35,,,,,,5.5,4.9,31.5,22.3,31,30.7,29.7,29.3,27,24.7,,,,3.4,5.5,,
131,2007-08-21,28.3,25.3,422,32.5,1530,.83,1,1210,2,1210,2,8.1,270,1531,4.3,270,1503,1.8,1555,22.5,48,1603,71.9,27.6,1001.7,1009.9,757,1006.2,1531,1008.2,13.4,5.6,1100,2.68,17.94,,,,,,6,4.5,29.4,24.1,30,30.3,29.6,29.5,27.4,24.8,,,,3.2,4.7,3.5,
131,2007-08-22,26.5,23.7,2400,30,1617,2.7,2.5,1243,5,1113,10,5.3,270,1000,2.7,270,1023,1.4,1210,22.6,56,1835,79,27.8,1001.6,1009.9,2342,1006.2,1518,1008.1,13.4,3.2,1400,2.42,12.06,,,,,,6.8,5.4,28.6,21,28.9,29.2,28.9,28.9,27.3,24.9,,,,2.5,3.9,8.5,
131,2007-08-23,26,19.3,617,32.9,1553,,,,,,,5.6,160,1201,3.2,270,1614,1.1,950,18.2,29,1538,66.3,21.3,1005.3,1014.4,2355,1009.7,7,1011.8,13.3,11.5,1200,3.34,24.97,,,,,,.1,.1,27.5,18.4,28.3,28.6,28.2,28.1,27.2,25,,,,5.1,6.4,,
131,2007-08-24,27.7,21.7,449,33.1,1530,,,,,,,4.7,270,1316,3.2,320,1419,1.2,1037,20.9,45,1643,68.3,25,1008.7,1016.5,926,1013.8,1603,1015.1,13.3,9.9,1200,3.04,21.27,,,,,,1.1,1.1,29.5,20.2,29.1,29.2,28.5,28.3,27.1,25,,,,4.1,5.5,,
131,2007-08-25,28.3,24.3,539,33.5,1555,,,,,,,13.7,340,1839,6,340,1844,1.1,950,22.1,45,1638,70.3,26.9,1009.5,1017.2,657,1013.7,1629,1015.9,13.2,8.7,1100,3.03,19.92,,,,,,3.6,2.6,30.8,23,31.1,30.6,29.7,29.2,27.2,25,,,,4.2,5.5,,
131,2007-08-26,26.8,23.9,401,32.6,1402,.92,.3,1455,.3,1435,.5,5.2,340,1528,4,320,1534,.9,778,22.6,51,1404,78.6,27.8,1008.6,1016.6,329,1013.6,1501,1015.1,13.2,4.1,1100,2.27,13.81,,,,,,6.4,5,27.3,22.4,29.4,30.1,29.4,29.3,27.5,25.1,,,,1.8,2.6,1.5,
131,2007-08-27,26.8,24.9,2222,30.1,1035,5.37,14.5,1202,19.5,1126,32,11.1,320,1206,4.3,320,1212,1.6,1382,23.8,66,1036,83.5,29.8,1005.5,1014.6,1,1010.1,1648,1011.9,13.2,3.5,1000,2.29,12.87,,,,,,8.3,6.6,28.5,24.2,28.3,28.8,28.6,28.6,27.5,25.2,,,,3,3.7,41,
131,2007-08-28,26.2,23.8,541,30.3,1329,6.87,3.5,318,4.5,246,11,5.8,270,1257,3.8,270,1302,1.5,1296,23.2,62,1357,83.8,28.8,1003.1,1011.2,1003,1007.9,1804,1009.5,13.1,2.1,1300,2.63,13.37,,,,,,9,7,27.8,24,28.3,28.8,28.3,28,27.4,25.3,,,,3,3.8,44.5,
131,2007-08-29,22.6,20.3,2000,24.9,0,13.3,10,14,18.5,3,73.5,8,70,1839,4.6,50,1842,1.6,1382,21.3,82,1613,91.9,25.6,1000.4,1008.9,14,1005,1529,1007,13.1,0,1400,.7,1.85,,,,,,9.8,7.3,24.2,20,25,26.3,26.5,26.9,27.2,25.3,,,,.3,.5,30,
131,2007-08-30,21.8,19.3,2349,24.2,1236,.58,0,,0,,0,7,70,2319,4.3,50,2320,2.3,1987,17.3,63,1201,75.3,19.9,1000.9,1009,2320,1006.4,1558,1007.5,13.1,.1,1400,.5,3.74,,,,,,9.8,6.1,21.7,19.1,22.8,24.3,24.7,25.2,26.6,25.5,,,,1.3,1.9,0,
131,2007-08-31,22.7,19.2,11,25.9,1351,,,,,,,5.3,160,1437,3.6,70,1056,1.9,1642,17.2,56,1419,71,19.7,1003.2,1010.8,951,1008.8,13,1009.7,13,.2,1300,1.42,9.54,,,,,,9.9,4.6,22.9,18.8,23.2,24,24.2,24.5,25.9,25.4,,,,1.4,2.1,9.5,
131,2007-09-01,19.3,18.5,1729,23.1,0,23.58,2.5,1455,9.5,1325,61.5,7.2,90,1334,4.3,90,1323,1.8,1555,18.4,69,0,93.5,21.3,1000.8,1009.9,715,1004.8,2313,1007.4,13,0,1200,.47,1.85,,,,,,10,6.4,20.2,18.2,21.1,22.8,23.2,23.6,25.5,25.3,,,,.2,.3,63,
131,2007-09-02,19.4,18,154,21.1,1403,19.5,1.5,2,4,1,15.5,6.4,360,1458,3.7,20,2037,2.7,2333,19.1,89,1242,97.3,22.3,999,1008.6,2257,1003.8,452,1005.6,13,0,1200,.57,3.94,,,,,,10,7,20.4,17.6,20.9,21.9,22,22.4,25,25.1,,,,1.1,1.4,4.5,
131,2007-09-03,21.1,18.8,152,24.8,1443,.58,.2,,.3,845,.3,6.8,20,1258,4.1,50,1258,2.4,2074,18.7,68,1450,86.1,21.8,1003.4,1011.3,2329,1008.5,0,1010,12.9,1.5,1300,2.65,12.52,,,,,,9.9,5,22.6,18.4,22.9,23,22.6,22.8,24.3,24.8,,,,1.1,1.4,3.3,
131,2007-09-04,21.5,19.7,729,24.2,1123,14.08,.5,550,2,555,9,4.8,90,1525,3,90,1528,1.2,1037,18.9,69,1446,84.9,22,1005,1012.4,941,1010.8,1420,1011.6,12.9,0,1000,1.28,6.55,,,,,,10,6.4,22,19.1,22.7,23,23.1,23.3,24,24.5,,,,2,2.4,15,
131,2007-09-05,19.3,18.4,2301,21.1,1420,21.5,1.5,1526,6,1519,31.5,7.8,20,1346,4.6,50,1318,2.7,2333,18.9,80,1432,96.9,22,1003.3,1011.6,0,1008.8,2340,1010,12.8,0,1200,.97,3.64,,,,,,10,6,20.1,17.9,20.9,22,22.3,22.7,24,24.3,,,,.6,.8,29.5,
131,2007-09-06,18,17.1,506,19.4,1109,16.98,4.5,1346,10.5,1256,36.5,8,20,1512,5.1,50,1527,2.3,1987,17.7,86,1115,97.5,20.4,1000.1,1008.9,0,1004.8,1702,1006.7,12.8,0,1000,.95,2.82,,,,,,9.9,6.3,18.4,16.8,19.3,20.7,21.1,21.7,23.5,24.1,,,,1.2,1.5,29.5,
131,2007-09-07,21.2,17.4,28,26.3,1338,,,,,,,4.8,320,1405,2.5,270,1638,1.1,950,17.1,54,1508,77.9,19.6,998.8,1006.5,2340,1003.9,1516,1005.4,12.8,3.2,1000,2.57,13.28,,,,,,9.1,6.8,22.3,16.7,22.4,21.8,21.6,21.7,23,23.9,,,,2.1,2.8,,
131,2007-09-08,22.2,18.8,620,26.8,1512,,,,,,,7,320,1252,3.9,340,1200,1.7,1469,15.5,39,1558,67,17.8,1001.3,1009.5,2321,1006.2,22,1007.8,12.7,7.6,1100,2.65,18.74,,,,,,6.1,4.8,23.7,16.8,23.6,23.5,22.8,22.7,23,23.7,,,,3,4,,
131,2007-09-09,22.5,17.5,604,28.2,1459,,,,,,,6.2,340,1434,3.6,340,1438,1.3,1123,15.1,36,1506,64.9,17.3,1003.5,1012.3,2314,1008.3,1434,1010,12.7,10.7,1200,3.03,20.81,,,,,,2.6,1,23.4,14,23.6,23.7,23.1,23.1,23.2,23.7,,,,3.1,4.7,,
131,2007-09-10,22.5,16.3,452,29.3,1554,,,,,,,4.7,200,1650,2.6,250,1216,1,864,17.8,50,1733,76.9,20.6,1006.2,1014.1,2338,1010.8,1516,1012.8,12.6,8.3,1200,2.85,18.77,,,,,,.9,.5,23.2,14.1,23.6,24.2,23.3,23.3,23.3,23.6,,,,3,3.8,,1.5
131,2007-09-11,23.5,19.8,532,28.8,1500,,,,,,,4.6,320,1919,2.7,340,1950,1,864,18.6,46,1501,75.9,21.6,1005.8,1014,0,1010.5,1548,1012.3,12.6,4.2,1100,2.14,13.96,,,,,,4.1,3,23.9,17.5,24.5,24.6,23.9,23.7,23.4,23.5,,,,2.1,2.9,,4
131,2007-09-12,23.1,18.6,631,29.4,1559,,,,,,,4.3,270,1337,2.6,290,1400,.8,691,17.9,35,1452,75.6,20.8,1006.4,1014.4,916,1011.1,1635,1012.9,12.6,5.7,1300,2.65,15.79,,,,,,5.6,2.5,24.2,16.6,24.8,24.9,24.1,23.9,23.7,23.5,,,,2,2.9,,5.5
131,2007-09-13,23.4,18.7,529,29,1625,,,,,,,4.5,50,859,2.8,160,1611,1.1,950,18.7,40,1642,76.8,21.8,1007,1014.7,718,1011.9,1531,1013.6,12.5,2.8,1000,2.17,12.67,,,,,,6.3,2.9,23.7,17.5,24,24.4,24.2,24.1,23.8,23.6,,,,1.4,2.9,,5.08
131,2007-09-14,20.7,18.5,2101,26.4,1134,10.08,4.5,1430,15.5,2120,54.5,8.6,20,1719,5,50,1721,2.1,1814,17.8,57,1135,84,20.6,1004.4,1013.8,0,1007.1,2356,1011,12.5,.2,1100,1.74,6.33,,,,,,9,6,20.7,16.5,21.5,23.2,23.3,23.6,23.8,23.5,,,,1,1.3,93.5,
131,2007-09-15,22.1,19,0,25.6,1637,8.5,5.5,124,13.5,247,39,5.4,140,318,3.3,160,323,.9,778,20.4,67,1641,90.3,24.2,1000.2,1008.8,2319,1003.9,506,1006.7,12.5,.4,1400,1.56,7.36,,,,,,9.3,6.1,22.8,18.7,23.1,23,22.4,22.4,23.5,23.5,,,,1.5,2.3,3.5,
131,2007-09-16,20.3,19,2001,21.7,1116,16,5.5,1840,13,2131,78.5,8.8,20,2037,4.8,20,1904,2.3,1987,20.3,90,0,99,23.9,1001.1,1010,925,1005.1,2142,1007.7,12.4,0,1000,.54,2.33,,,,,,9.8,7.8,20.8,18.4,21.5,22.3,22.5,22.7,23.2,23.5,,,,.5,.7,90.5,
131,2007-09-17,23.6,18.9,8,28,1337,4.42,1.5,34,7.5,3,15.5,6.4,90,1100,4.3,70,1109,2,1728,18.2,52,1545,72.9,21.1,1006.1,1015.7,2158,1006.5,0,1012.7,12.4,5.4,1000,2.58,14.99,,,,,,7,6.5,23.9,18.3,23.5,23.2,22.4,22.3,23,23.5,,,,2.8,3.8,2,
131,2007-09-18,23.2,19.7,658,26.1,1421,5.58,.5,607,1.3,529,2.5,8.7,160,1455,5.2,160,1500,2.8,2419,17.9,59,1224,72,20.7,1007.7,1016,913,1012.7,2355,1014.2,12.3,1.3,1100,1.83,10.07,,,,,,8.4,7.4,23.5,19.5,23,23.4,23,23,23.2,23.3,,,,2.5,3.2,.5,
131,2007-09-19,26.5,22.9,224,31,1611,.5,.1,,.1,,.2,8.8,160,35,4,180,1241,2.2,1901,21.1,56,1059,72,25.3,1004.6,1013.1,2259,1009.5,1605,1011.1,12.3,5.5,1000,2.66,13.9,,,,,,6.4,4.6,26.3,20.6,25.5,24.4,23.7,23.5,23,23.3,,,,1.9,2.6,.3,
131,2007-09-20,28.1,23.6,609,33.2,1416,.17,.1,,.1,,.1,11.2,200,1548,5.8,180,1456,2.5,2160,19.8,36,1438,63.1,23.6,1004.3,1012.8,0,1008.5,1548,1010.7,12.3,9.8,1100,2.91,19.3,,,,,,4.3,3.9,26.9,21,26.6,26.3,25.3,24.7,23.4,23.2,,,,5.4,6.2,.2,
131,2007-09-21,24.6,21.9,2355,28.6,1257,1.58,.1,,.2,,.2,8.4,320,1331,4.1,250,1322,2.2,1901,18.9,54,1308,70.4,22,1008,1017.4,2224,1010.1,6,1014.5,12.2,2,1200,2.3,10.29,,,,,,9.5,6.8,24.7,20.5,25.2,25.7,25.1,25,23.9,23.2,,,,2.5,3,1,
131,2007-09-22,20,18.1,1929,22.8,1057,20.67,1,1701,2,1611,8,9.3,50,1201,5.2,50,1425,2.5,2160,18.8,78,0,91.8,21.9,1012.9,1021.6,2142,1016.7,256,1019.6,12.2,0,1000,.63,3.7,,,,,,10,6,21.7,17.5,22.1,23,23.7,24.1,24,23.3,,,,.9,1.2,7.2,
131,2007-09-23,20.2,17.7,324,24.1,1328,8.42,.5,2216,.5,2126,1,7.1,140,1450,3.6,160,1427,1.6,1382,16.5,57,1305,78.8,18.9,1012.9,1021.3,0,1018.3,2358,1019.6,12.2,0,1200,1.53,7.71,,,,,,9.8,6.3,21.7,17.1,21.7,22.5,22.4,22.8,23.6,23.4,,,,1.1,1.4,6.8,
131,2007-09-24,20.6,17.4,628,24.4,1525,11.42,1,513,3,513,8,4.8,70,1412,3.4,70,1417,.7,605,18.4,65,1500,87.3,21.3,1010.4,1018.9,1000,1015.4,1704,1017,12.1,1.1,1200,1.99,9.25,,,,,,6.9,5.3,22.6,17.2,22.3,22.8,22.5,22.7,23.4,23.4,,,,1.5,2,2,
131,2007-09-25,22.6,18.8,157,27.8,1525,,,,,,,3.7,320,1327,2.4,160,2142,.8,691,17.9,48,1517,76,20.7,1009.5,1017.6,953,1014.4,1553,1016.1,12.1,5.3,1200,3.05,15.77,,,,,,3.8,3.5,24.2,16.6,23.6,23.9,23.2,23.2,23.4,23.4,,,,2.1,3.2,,1.67
131,2007-09-26,22.2,18.1,527,26.8,1523,.25,0,,0,,0,5.2,160,1144,2.7,180,1433,.9,778,17.1,50,1525,73.4,19.7,1009.4,1017.6,944,1014.4,1618,1016,12,3.5,1300,2.23,12.28,,,,,,6.9,5.8,23.9,15.9,23.4,23.5,23.1,23.2,23.3,23.3,,,,1.7,2.5,0,
131,2007-09-27,23.5,20.7,346,27.3,1348,1.25,4,2317,6,2254,6,10.9,250,1515,5.2,270,1409,2.3,1987,18.4,51,1137,74,21.5,1005.7,1015.6,0,1010,1654,1012.2,12,4.6,1100,2.75,14.19,,,,,,8.9,5.9,24,19.7,23.9,24.1,23.7,23.6,23.4,23.4,,,,1.3,1.9,23,
131,2007-09-28,18.1,15,2356,22.1,1256,7.92,2.5,426,6,413,17,5.3,290,449,3.2,320,500,1.3,1123,13.9,47,1727,76.9,16.3,1010.6,1020.5,2305,1011.1,10,1017.3,12,.2,1200,1.65,5.74,,,,,,9.3,5.6,19.9,12.4,20.9,22.6,22.6,23,23.5,23.3,,,,1.6,2.1,0,
131,2007-09-29,19,12.8,554,23.9,1347,1.33,.1,,.1,,.1,9.4,140,1202,5.1,160,1208,1.5,1296,12.9,49,1349,68,14.9,1014.3,1022.6,914,1020.2,23,1021.1,11.9,2.6,1000,2.16,11.28,,,,,,8.1,5.1,19.8,10.6,19.2,20.7,20.9,21.5,23.1,23.2,,,,2.1,2.8,1.1,
131,2007-09-30,17.4,16.4,1507,19.9,0,12.17,.5,821,2,1005,6.5,6.7,110,1602,3.6,140,1604,.8,691,16.2,66,12,92.1,18.6,1012.8,1021.7,1018,1017.4,1630,1019.6,11.9,0,1300,.72,3.47,,,,,,10,5.4,19.3,16.3,19.5,20.7,21,21.4,22.8,23.1,,,,.8,1.2,5.5,
131,2007-10-01,19,16.8,4,23.4,1357,,,,,,,4,320,1443,2.3,320,1547,.7,605,15.2,50,1453,79.1,17.4,1010,1018.3,0,1015,1420,1016.7,11.8,2.6,1300,2.49,12.25,,,,,,7.8,4.6,21.8,15.2,21.5,21.4,21,21.3,22.5,23,,,,1.7,2.2,0,
131,2007-10-02,20.2,16.9,514,25,1354,1.17,0,,0,,0,5.4,360,1308,3.1,340,1711,1.1,950,15.4,43,1511,74.9,17.6,1010.6,1018.6,958,1016,1502,1017.3,11.8,3.5,1300,2.4,12.83,,,,,,7.9,4.4,22.4,16.3,22.2,21.8,21.6,21.8,22.3,22.8,,,,2,2.9,,
131,2007-10-03,20.7,18.9,345,22.8,1154,.92,0,,0,,0,4,180,1104,2.5,50,2003,1,864,16.6,65,1201,76.9,19.1,1011.7,1019.8,931,1017.5,17,1018.3,11.8,0,1100,1.17,5.04,,,,,,10,5,21.3,18.3,21.3,21.8,21.7,21.8,22.4,22.8,,,,1.2,1.7,3.5,
131,2007-10-04,20.8,18.7,703,24.5,1432,1.92,1,650,3.5,630,3.5,5.1,50,1645,3.3,20,1623,1.1,950,18.4,67,1436,86.1,21.3,1010.7,1018.5,744,1015.7,1431,1017.3,11.7,.8,1400,1.38,7.33,,,,,,7.1,4.6,22.2,17.2,21.9,22.1,21.7,21.9,22.4,22.7,,,,.8,1,,
131,2007-10-05,21,16.1,634,25.4,1436,,,,,,,7.2,160,1437,4.2,160,1538,2.2,1901,12.8,37,1244,61.3,14.9,1010.6,1019.2,822,1015.5,1549,1017.3,11.7,10.5,1200,2.87,19.45,,,,,,1,.5,21.3,14.6,21.5,21.8,21.7,21.9,22.4,22.7,,,,3.5,4.7,,
131,2007-10-06,21.1,16.3,647,25.8,1438,,,,,,,10.8,160,1219,5.3,160,1224,2.3,1987,11.3,37,1213,54.5,13.5,1009.3,1018.2,821,1014,1643,1015.9,11.6,10.3,1200,2.72,18.51,,,,,,1.3,1.3,20.7,14,21.3,21.7,21.5,21.9,22.5,22.7,,,,3.8,5.3,,
131,2007-10-07,20.5,14.8,536,26.8,1451,.1,0,,0,,0,6.4,270,1233,3.9,320,2005,1.3,1123,14.5,48,1148,69.1,16.6,1006,1015.1,49,1009.9,1609,1012.6,11.6,7.1,1100,2.6,15.02,,,,,,3.9,3.8,21.4,12,21.7,21.8,21.5,21.9,22.3,22.6,,,,2.7,3.4,0,
131,2007-10-08,15.9,12.4,2351,20.6,1500,,,,,,,6.6,340,145,3.8,340,151,2,1728,6.9,28,1416,56.3,10.2,1007.8,1016,855,1012,0,1014.5,11.6,6.5,1100,2.46,15.7,,,,,,4.3,4.1,19,9,20.2,21.3,21.3,21.8,22.2,22.5,,,,2.7,3.5,,
131,2007-10-09,15.2,9,606,21.8,1532,,,,,,,5.9,50,1148,3.7,50,1149,1.4,1210,7.9,42,1422,62.3,10.7,1008.9,1017.2,925,1013.6,1451,1015.7,11.5,10.4,1200,2.7,17.99,,,,,,.5,.5,17.4,6.1,18.2,19.1,19.5,20.5,22,22.5,,,,2.5,3.2,,
131,2007-10-10,17.5,11.8,557,24.6,1501,,,,,,,6,160,1340,3.5,160,1348,1.2,1037,11.5,40,1504,68.8,13.6,1010,1018.7,943,1014.9,1454,1016.7,11.5,4.8,1100,2.43,13.54,,,,,,5,4.4,18.6,9.6,19,19.4,19.4,20.2,21.5,22.4,,,,2.1,3,,
131,2007-10-11,16.8,14.9,2359,19.5,1530,,,,,,,4.8,340,1435,3,340,918,1.3,1123,7.7,31,1423,55.9,10.7,1012.2,1020.7,2321,1017.2,0,1018.9,11.5,1.2,1000,1.36,9.22,,,,,,8.6,4.4,18.2,13.9,18.7,19.3,19.5,20.2,21.4,22.2,,,,1.9,2.5,,
131,2007-10-12,16.8,13.4,641,23,1435,,,,,,,5.3,340,1511,3,320,1512,1.2,1037,8,28,1500,57.8,10.9,1015.7,1024.2,2300,1020.4,41,1022.5,11.4,2.9,1200,1.91,11.18,,,,,,8.5,7.5,18.2,12.3,18.7,19.2,19.2,19.8,21.2,22.2,,,,2.1,2.9,,
131,2007-10-13,15.1,11.9,601,19.1,1258,,,,,,,4.2,50,1002,2.6,20,1012,1.1,950,6.7,33,1247,57.9,9.9,1016.8,1025.3,951,1021.7,1617,1023.6,11.4,2.4,1100,2.17,10.7,,,,,,7.5,6.3,16.4,9.9,17.2,18.3,18.7,19.4,21,22,,,,1.9,2.2,,
131,2007-10-14,15.1,11,643,21.1,1502,,,,,,,5.6,320,1520,3.3,320,1431,1.3,1123,8.5,33,1545,66,11.1,1014.5,1023.1,0,1019.2,1640,1021.3,11.3,7.9,1300,2.38,14.74,,,,,,4.3,3.5,17.4,9.3,17.5,18.1,18.3,18.8,20.8,21.9,,,,2.1,2.7,,
131,2007-10-15,15.2,8.7,639,22,1346,,,,,,,5.8,180,1149,2.9,160,1301,1.1,950,8.4,36,1402,65.8,11.1,1015.9,1024.4,838,1020.8,1543,1022.8,11.3,9.4,1200,2.23,15.11,,,,,,4.3,3.6,16.8,6.1,17.2,17.7,17.9,18.7,20.5,21.6,,,,2.6,3.5,,
131,2007-10-16,15,11.4,2358,20.3,1412,,,,,,,5.4,320,1308,3.3,320,1436,1.2,1037,8,30,1516,65.1,10.9,1015.5,1023.7,853,1020.6,1454,1022.3,11.3,7.8,1200,2.62,14.63,,,,,,2.1,2.1,16.8,8.5,17.4,18,18.2,18.7,20.2,21.5,,,,2.1,2.6,,
131,2007-10-17,13.4,7.6,649,20.1,1334,,,,,,,6.9,340,1341,4.4,340,1354,1.6,1382,7.8,32,1434,70.6,10.6,1015.5,1024.2,845,1020.2,1554,1022.3,11.2,7.5,1200,2.53,14.63,,,,,,1.1,1.1,15.4,6.2,16.1,17,17.3,18.1,20,21.4,,,,2,2.6,,1.17
131,2007-10-18,14.4,8.5,600,20.4,1501,,,,,,,4.9,340,1628,2.6,70,700,1.3,1123,7.6,39,1504,64.8,10.4,1014.8,1024.3,906,1019.4,2349,1021.6,11.2,9.1,1100,2.44,15.86,,,,,,4.3,2.1,16.4,6.4,16.4,17.1,17.3,17.9,19.7,21.2,,,,1.8,2.6,,
131,2007-10-19,12,7.9,2400,16.4,1422,2.25,1.5,953,3.5,948,4,10.1,340,1548,5,320,1555,1.8,1555,5.5,32,1526,66.5,9.5,1009.5,1019.4,0,1014.5,1420,1016.3,11.2,4.8,1400,2.11,8.53,,,,,,6.9,4.6,13.9,4.2,14.9,15.9,16.6,17.9,19.5,21,,,,1.6,2.2,4.5,
131,2007-10-20,7.8,5.1,646,12.4,1400,.83,.4,57,.5,25,.5,9.9,340,1538,5.5,340,1241,2.4,2074,-1.1,32,1401,54.6,5.8,1013.6,1022,2217,1017.2,0,1020.6,11.1,7.1,1100,2.08,13.79,,,,,,3,3,9.8,1.5,11.6,13.1,14.4,15.9,19.3,21,,,,1.5,2,,
131,2007-10-21,10.2,2.4,602,17.6,1529,,,,,,,5.6,320,1418,3,340,1422,.9,778,4.5,42,1530,68.5,8.5,1014.2,1023.4,903,1018.9,1646,1021.1,11.1,8.7,1300,2.44,15.74,,,,,,2.5,.8,11.7,0,12.2,13,13.7,15,18.9,20.8,,,,1.7,2.2,,
131,2007-10-22,13.4,6.8,714,20.5,1450,,,,,,,4.9,340,1543,2.9,340,1559,.9,778,8.4,39,1530,73.9,11.1,1013.9,1022.4,2304,1018.5,1506,1020.7,11.1,7.9,1100,2.31,14.19,,,,,,2.3,.6,14.2,4.7,14.5,15,14.9,15.6,18.5,20.5,,,,1.8,2.1,,.92
131,2007-10-23,13.9,8.5,433,20.9,1456,,,,,,,4.2,70,1324,2.3,70,1329,.6,518,10.3,45,1534,79.8,12.5,1017.9,1026.5,2339,1022.4,0,1024.8,11,5.9,1200,2.04,11.01,,,,,,1.8,1.8,14.4,5.9,14.9,15.3,15.3,15.9,17.8,20.1,,,,1.2,1.5,,3.25
131,2007-10-24,14.7,8.5,457,22.8,1448,,,,,,,3.4,160,1405,1.9,270,1530,.6,518,10.4,38,1542,77.9,12.6,1018.6,1027.9,834,1023.4,1435,1025.5,11,6.9,1200,2.29,13.21,,,,,,4.4,2.5,15.6,6.3,15.8,16.1,15.8,16.3,17.9,20,,,,1.5,2.2,,6.5
131,2007-10-25,14.1,11,553,16.2,1134,12.33,2.5,1953,7,1911,24.5,5.9,50,2343,3.3,50,2334,1.1,950,12.5,74,947,89.1,14.6,1014.9,1024.6,46,1018.5,2340,1021.7,10.9,.3,900,.96,3.58,,,,,,8.5,4.1,14.2,7.6,14.5,15.2,15.5,16.3,18,19.8,,,,.5,.7,32.5,
131,2007-10-26,16.1,12.7,2356,20.9,1435,4.12,2.5,37,6,12,8,6.8,20,1211,4.1,50,1137,2,1728,11.5,47,1620,75,13.7,1011.8,1020.4,2234,1017.3,328,1018.6,10.9,6.7,1300,2.23,12.39,,,,,,4.6,4.3,16.7,10.2,16.4,16.6,16.3,16.5,17.8,19.6,,,,1.9,2.5,,
131,2007-10-27,14.4,9.5,638,20.7,1437,,,,,,,5.2,50,1116,3.3,20,1124,1.2,1037,6.4,26,1512,62.4,9.7,1010.6,1020.4,750,1014.7,1530,1017.4,10.9,9.5,1200,2.48,15.47,,,,,,0,0,14.3,6.7,14.6,15.4,15.8,16.4,18,19.6,,,,2,2.5,,
131,2007-10-28,13.5,7.2,602,18.5,1447,1.08,2.5,1950,3,1915,3,8.2,200,1852,4,320,2359,1.3,1123,9.6,57,1423,77.1,12.1,1008.5,1018.1,757,1012.4,1738,1015.3,10.8,2.6,900,1.21,5.93,,,,,,7.1,3,13.1,5.1,13.2,14,14.6,15.6,17.8,19.5,,,,1,1.2,3,
131,2007-10-29,11.3,9.7,2234,15,1335,,,,,,,11,320,5,4.5,340,1556,2.1,1814,4.6,43,1345,62.6,8.5,1015.3,1024.9,1937,1015.9,3,1022.2,10.8,2.6,1200,2.31,9.16,,,,,,8.1,6.4,12.1,7.9,13.3,14.3,14.7,15.5,17.5,19.5,,,,1.3,1.9,,
131,2007-10-30,10.6,6.9,2352,16.2,1453,,,,,,,5.6,340,1618,3.6,340,1625,1,864,4,32,1517,65.1,8.2,1018.3,1026.7,2210,1024,1348,1025.2,10.8,7.2,1200,2.27,12.17,,,,,,3.9,.3,11.7,3,12.5,13.4,14,14.9,17.4,19.4,,,,1.4,1.9,,
131,2007-10-31,10.8,5.3,447,17.2,1414,,,,,,,5.8,320,1456,3.5,320,1318,1,864,3.9,21,1418,64.1,8.2,1016.7,1026.9,324,1021.2,2217,1023.6,10.7,4.8,1300,1.77,10.3,,,,,,6.6,1.6,10.9,3.2,11.4,12.3,13.1,14.2,17,19.2,,,,1.5,2.1,,
131,2007-11-01,10.4,7.3,2353,13.7,1426,,,,,,,9.8,340,1121,5.5,340,1209,2.4,2074,-1.1,20,1005,47.4,6,1015.1,1024.7,919,1020.5,1540,1022.1,10.7,8.3,1100,2.3,14.07,,,,,,4.3,3,10.5,5.3,11.8,12.6,13.2,14.2,16.6,19,,,,,2.7,,
131,2007-11-02,9.9,6.8,222,15,1359,,,,,,,6.9,360,1540,3.4,320,1423,1.2,1037,2.2,35,1348,59.1,7.2,1015,1024,2351,1019.9,1352,1022,10.7,4,1100,2.15,10.05,,,,,,6.6,6.6,9.9,2.8,10.9,12,12.6,13.6,16.4,19,,,,,1.8,,
131,2007-11-03,9.5,2.9,721,16.5,1324,,,,,,,5.5,290,1526,2.7,320,1402,.9,778,2.8,35,1526,65.5,7.5,1018.5,1028.8,2358,1023.6,405,1025.5,10.6,8.3,1100,2.1,11.49,,,,,,.5,.4,8.6,1.9,10.1,10.8,12.4,13.1,16,18.8,,,,,1.4,,
131,2007-11-04,9.1,2,707,17.3,1504,,,,,,,4.2,340,1859,3,340,1901,.8,691,0,20,1505,57,6.2,1022.2,1031.3,841,1027.1,1514,1029.2,10.6,9.5,1200,2.32,14.19,,,,,,.4,0,8.8,0,9.6,10.7,11.6,12.7,15.6,18.6,,,,,1.9,,
131,2007-11-05,8.7,4,425,14.7,1459,,,,,,,4.9,50,1700,2.9,70,1648,1,864,2.9,46,1501,67.1,7.5,1020.2,1029,816,1025,1643,1027.2,10.6,.9,1400,1.08,6.17,,,,,,6.4,4.8,8.7,1.7,9,10.1,11,12.3,15.3,18.3,,,,,.9,,
131,2007-11-06,10,5.7,600,17.7,1552,,,,,,,4.6,70,1506,2.6,50,1446,1.1,950,3.7,28,1541,66.9,8,1017.7,1026.6,830,1022.6,1537,1024.7,10.5,4.5,1100,1.45,9.07,,,,,,4,2.3,8.7,2.7,9.6,10.4,11,12.1,15,18,,,,,1.4,,
131,2007-11-07,10.9,3.2,629,19.7,1455,,,,,,,3.1,320,1727,1.9,290,1736,.5,432,2.8,27,1439,61.3,7.5,1015.2,1024.3,827,1019.8,1550,1022.1,10.5,9.1,1100,2.03,12.29,,,,,,0,0,9.3,-.1,9.9,10.7,11,12,14.8,17.9,,,,,1.9,,
131,2007-11-08,11.2,4.7,604,19.5,1439,,,,,,,4.1,50,1433,2.1,360,1424,.6,518,3.4,24,1458,62.9,7.9,1014.3,1022.4,859,1019.4,1448,1021.2,10.5,8.1,1200,1.87,10.87,,,,,,.5,0,9.2,1.4,10,10.8,11.2,12.1,14.6,17.5,,,,,1.5,,
131,2007-11-09,11.9,5,617,19.9,1339,,,,,,,6.6,340,1806,3.8,340,1706,1.1,950,5.4,26,1544,66,9.1,1014.3,1022.5,54,1018.9,1433,1021.2,10.4,7.7,1200,1.78,10.58,,,,,,1.9,1.9,10.4,2.8,10.5,11,11.4,12.3,14.5,17.4,,,,,1.8,,
131,2007-11-10,10.4,7.8,533,14.3,1306,,,,,,,7.8,320,1404,4.2,320,1406,1.6,1382,3.5,42,1309,62.1,7.9,1013.6,1021.8,0,1019.1,1444,1020.5,10.4,1.7,1100,1.14,6.02,,,,,,8.4,7.8,9.3,4.2,10.3,11.2,11.7,12.4,14.4,17.2,,,,,1.6,,
131,2007-11-11,8.4,6.1,502,11.9,1220,,,,,,,6,340,1445,3.6,340,1454,1.2,1037,2.1,48,1546,64,7.1,1014,1022.5,835,1019.6,1610,1021,10.4,.7,1100,1.17,5.44,,,,,,6.1,6.1,8.4,1.2,9.5,10.6,11.3,12.2,14.4,17,,,,,1,,
131,2007-11-12,7.5,1.5,749,14.3,1401,,,,,,,3.5,320,1410,2,320,1417,.7,605,1.2,35,1547,66.8,6.7,1014.3,1023.4,926,1019.6,1458,1021.4,10.3,8.5,1200,2.14,11.9,,,,,,.9,0,7.7,-1.8,9,9.9,10.6,11.7,14.3,17,,,,,1.5,,.83
131,2007-11-13,7.6,1.6,543,13.8,1448,,,,,,,3.3,270,1407,2.1,50,1722,.6,518,2.5,35,1300,70.9,7.3,1014.9,1023.3,859,1020.7,1418,1021.9,10.3,5.5,1200,1.85,9.11,,,,,,3.5,1.9,7.5,-2.3,8.7,9.4,10.2,11.4,14,16.8,,,,,1,,
131,2007-11-14,9.6,3.4,758,16,1445,,,,,,,3.1,320,1338,1.8,160,2306,.6,518,4.9,48,1440,73.4,8.7,1015.8,1024,917,1021,1546,1022.8,10.3,5.9,1200,1.68,9.2,,,,,,3.9,2.5,9.9,1.4,9.5,10.1,10.4,11.3,13.8,16.7,,,,,1.2,,
131,2007-11-15,9.2,5.4,2359,14,1327,,,,,,,7,340,1237,3.7,320,1233,1.2,1037,3,39,1441,66.4,7.8,1018.3,1026.5,2136,1023.3,52,1025.3,10.3,5.8,1300,1.58,8.69,,,,,,4.1,2.8,9,1.7,9.9,10.6,10.8,11.6,13.6,16.5,,,,,1.5,,
131,2007-11-16,5.8,1.6,2339,10.8,1432,,,,,,,6,290,1423,2.9,290,1426,1.3,1123,-3.7,26,1200,53.6,4.8,1017.2,1026.8,908,1021.6,2400,1024.3,10.2,9,1200,2.18,12.84,,,,,,.8,.5,6,-3.5,8.5,9.4,10.2,11.3,13.5,16.3,,,,,1.8,,
131,2007-11-17,6.4,-.4,440,11.8,1241,1.58,,,,,0,11,320,2300,5.8,320,2307,2,1728,-1.7,36,1607,57.3,5.4,1011.3,1021.7,34,1015.2,1541,1018.4,10.2,4.5,1200,1.94,8.68,,,,,,6.1,5.5,6.6,-4.8,7.5,8.7,9.1,10.4,13.4,16.1,,,,,2.2,0,
131,2007-11-18,.7,-3,2352,6.3,0,,,,,,,11.2,340,1007,6.4,340,30,3.3,2851,-13,21,938,35.6,2.3,1020.2,1031.6,2250,1019.7,0,1027.5,10.2,9,1200,2.16,12.96,,,,,,.3,0,2.4,-7,6.1,7.5,8.7,10,13,16,,,,,1.8,,
131,2007-11-19,1,-6.6,519,6.4,1459,2.17,,,,,3,6.4,180,2334,3.4,200,2339,1.3,1123,-7.9,33,1050,54.1,3.6,1018.8,1032,243,1018.8,2352,1026,10.1,7.5,1100,2.01,11.39,,,,,,4.3,2.6,2.2,-9.8,4.3,5.6,6.9,8.6,12.5,15.7,,,,,1,3.3,
131,2007-11-20,3.2,.1,2307,6.3,1416,1.75,,,,,.3,9.8,340,1230,5.9,340,1329,2.3,1987,-7.1,24,1315,48.3,3.7,1018.5,1027.2,1010,1018.9,0,1025.7,10.1,8.9,1200,2.14,12.56,,,,,,1.5,.8,3.6,-4.5,5,6,6.9,8.4,12,15.5,,,,,1.7,.6,
131,2007-11-21,3.5,-.2,243,9.1,1335,1.75,,,,,.6,7.1,340,1523,4.2,320,1524,1.4,1210,-3.5,29,1524,62.1,4.9,1021.9,1032.3,2353,1024.8,240,1029.1,10.1,7.6,1200,1.96,10.55,.8,540,.8,540,.8,3.4,3.4,3,-5.2,4.5,5.6,6.4,7.8,11.7,15.4,,,,,1.3,,
131,2007-11-22,3.5,-3,605,8.4,1542,,,,,,,5.5,360,1236,3.1,70,1216,1,864,-5.4,25,1134,55.3,4.1,1024.4,1034.8,957,1029.3,2326,1031.6,10.1,8.2,1100,1.89,11.34,,,,,,3,2,3.6,-6.7,4.2,5,5.9,7.3,11.1,15,,,,,1.2,.1,
131,2007-11-23,9.4,3.7,648,14.8,1411,1.2,,,,,.1,7.8,270,1346,4.2,250,1355,1.6,1382,1.8,42,1413,58.6,7,1018.4,1029.4,0,1023.1,1528,1025.4,10,5.6,1200,1.78,8.58,,,,,,6.8,4.8,9.2,0,7.5,7.5,7.2,7.8,10.8,14.7,,,,,.9,4.5,
131,2007-11-24,8.7,3.7,2359,12.7,1212,2.25,,,,,4.5,4.9,180,135,3.2,340,1449,1.2,1037,3.9,42,1321,72.9,8.2,1019.3,1028.4,2213,1023.9,102,1026.3,10,5.9,1100,1.67,9.04,,,,,,3.9,2.1,8.5,-.8,8.5,8.9,8.6,9.1,11.1,14.5,,,,,1,,
131,2007-11-25,3.1,-.3,518,8.5,1603,,,,,,,3.8,320,1304,2.3,340,1308,.7,605,1.7,63,1605,89.3,6.9,1020.5,1029.8,941,1025.6,1637,1027.7,10,4.3,1300,1.82,7.73,,,,,,3.3,2.5,4.7,-3.5,5.7,6.8,7.4,8.7,11.1,14.3,,,,,.6,,6.17
131,2007-11-26,4.2,-.2,348,8,1634,.92,,,,,.3,4.4,320,2320,2.2,320,2337,.8,691,1.1,57,2242,80.8,6.7,1015.6,1027,0,1020.5,1448,1022.7,10,.1,1000,.65,2.5,,,,,,6.3,4.6,3.2,-1.6,4.6,5.8,6.7,8.1,11,14.3,,,,,.5,.3,5.5
131,2007-11-27,2.7,-1.3,2346,7.8,1405,,,,,,,5.6,320,1501,3.4,320,1758,1.3,1123,-7.4,22,1433,48.5,3.5,1013.1,1022.4,300,1017.9,1621,1020.2,10,8.2,1200,1.91,10.9,,,,,,1.3,1.3,2.6,-6.3,3.9,5.1,6,7.4,10.7,14.1,,,,,1,,
131,2007-11-28,3.1,-3.7,549,10.7,1524,,,,,,,5.5,50,1601,3.4,50,1519,1.3,1123,-4.4,33,1520,60.1,4.4,1013.1,1021.6,2255,1018.3,1431,1020.2,9.9,8.8,1200,1.93,11.69,,,,,,.3,.3,2.4,-7.1,3.2,4.1,5,6.6,10.4,13.9,,,,,.9,,
131,2007-11-29,6.6,.9,405,14.2,1333,,,,,,,6.4,290,1411,3.4,320,1527,1.3,1123,-1.4,39,2228,57.4,5.6,1015,1025.2,2341,1019.7,1319,1022,9.9,8.3,1200,1.9,10.74,,,,,,1,1,4.6,-2.8,5.3,5.7,5.8,6.7,9.9,13.7,,,,,1.4,,
131,2007-11-30,3.2,.5,726,7.8,1437,,,,,,,6.3,340,1023,3.9,340,1613,1.7,1469,-6.7,24,1423,49.4,3.8,1019.1,1027.6,930,1025,1459,1026.3,9.9,8.8,1200,2.02,11.73,,,,,,.4,.1,2.7,-5.4,4.1,5.2,5.6,6.9,9.8,13.5,,,,,1.5,,
131,2007-12-01,3.5,-3.1,507,9.8,1435,,,,,,,5.4,230,1641,2.9,200,1253,1.1,950,-3.2,40,1443,62.9,4.9,1018.4,1027.7,903,1023.6,1432,1025.5,9.9,5,1200,1.82,8.42,,,,,,4.5,4,2.7,-6.9,3.7,4.4,5,6.3,9.7,13.3,,,,,.9,.1,
131,2007-12-02,3.7,1.3,2350,6.3,1356,13,,,,,4.5,6,340,1432,3.1,50,1715,1.1,950,1.3,68,0,83.4,6.7,1013.8,1024.3,0,1018.8,2128,1020.9,9.8,0,1100,.45,1.4,,,,,,7.9,5.1,3.2,-1.6,4.1,4.9,5.5,6.4,9.5,13.2,,,,,.2,4.4,
131,2007-12-03,2.2,-.8,602,6.7,1451,.4,,,,,.1,7.9,290,1830,4.3,290,1858,1.9,1642,-4.7,40,1237,60,4.4,1017.9,1029.8,2359,1019.8,0,1025.1,9.8,4.8,1100,1.37,7.46,,,,,,3.3,3.3,2.5,-6,3.3,4.3,4.9,6.3,9.3,13,,,,,.9,.1,
131,2007-12-04,-.7,-2.7,741,2.6,1404,,,,,,,8.2,320,1157,4.3,290,1117,2.2,1901,-10.7,28,1301,48.4,2.7,1025.6,1034.2,2258,1029.8,0,1032.9,9.8,8.7,1200,2.01,11.49,,,,,,1.3,1.3,.6,-6.8,2.2,3,4.2,5.5,9,13,,,,,1.1,,
131,2007-12-05,-.5,-4.6,752,3.9,1341,,,,,,,6.4,340,1312,3.4,290,1157,1.5,1296,-10.5,27,1214,49,2.8,1025.3,1034.8,919,1030.9,2359,1032.6,9.8,8.7,1200,1.97,11.34,,,,,,1.1,1.1,.4,-8.4,1.6,2.2,3.3,4.8,8.4,12.7,,,,,1.6,,
131,2007-12-06,-.6,-4.7,410,2.6,1354,5.33,,,,,.4,3.2,160,2354,2.1,160,2356,.8,691,-3.7,52,1245,80.4,4.8,1017,1031,1,1019.4,2352,1024.2,9.8,0,1100,.77,2.85,,,,,,8.3,5,-.5,-7.6,.3,1.5,2.7,4.6,8.3,12.4,,,,,.5,1.4,
131,2007-12-07,3.7,.8,2359,7,1256,4.42,,,,,1,6.7,270,420,3.8,340,1248,1.6,1382,-1.1,50,1400,70.8,5.7,1014.7,1024.6,2359,1017.4,224,1021.8,9.8,4,1200,1.65,6.76,,,,,,6.3,5.8,3.3,-4,3.4,3.5,3.7,4.5,8.1,12.2,,,,,1,,
131,2007-12-08,1.3,-2,717,5.7,1431,,,,,,,8.1,340,1348,5,290,1350,1.3,1123,-4.2,37,1445,69.8,4.6,1018.9,1027.2,2351,1024.5,2,1026.1,9.8,4.2,1400,1.51,6.72,,,,,,3.1,3.1,2,-5.6,2.6,3.4,3.9,5,8,12,,,,,.9,,.92
131,2007-12-09,1.4,-3.8,735,7.9,1350,,,,,,,3.8,50,1749,1.9,50,1750,.6,518,-4.5,42,1516,67.6,4.4,1020.1,1029.2,925,1025.7,1453,1027.3,9.7,8.3,1200,1.75,10.51,,,,,,.8,.8,1.5,-5.9,2.1,2.7,3.3,4.5,7.8,11.7,,,,,1,,
131,2007-12-10,2.1,-2.3,629,6.5,2246,.87,,,,,.4,5.3,50,1504,3.1,20,1505,1.1,950,-2.4,51,2246,72.5,5.2,1015.8,1027.4,150,1017.7,2350,1023,9.7,0,1100,.7,3.78,,,,,,7.3,4,1.5,-5.6,1.5,2.3,3.2,4.3,7.6,11.6,,,,,.4,3.4,
131,2007-12-11,4.8,3.3,145,6.2,1612,9.42,,,,,3,4.5,360,1352,3,50,1741,1,864,4,74,0,93,8.1,1011.3,1019.2,2010,1017.3,119,1018.3,9.7,0,1100,.27,1.09,,,,,,9.1,6.6,4.6,1.6,4.2,4.6,4.7,5,7.4,11.6,,,,,.2,0,
131,2007-12-12,4.3,2.2,539,7,1400,,,,,,,4.3,320,1354,2.5,70,1207,1.1,950,2,64,1547,84.1,7,1009,1019.7,142,1013.2,2310,1016.1,9.7,1.4,1300,1.34,4.52,,,,,,7.6,6.8,5.3,1.7,5.1,5.5,5.1,5.7,7.7,11.3,,,,,.6,,6
131,2007-12-13,3.3,1.1,2347,6,1450,,,,,,,9,320,1524,4.3,320,1417,2,1728,-3.3,42,1540,62.1,4.9,1006.6,1016.1,2356,1011.8,1310,1013.7,9.7,2.9,1400,1.13,5.02,,,,,,6,6,4.2,-.5,4.2,4.9,5.1,5.9,8,11,,,,,1.1,,
131,2007-12-14,1.9,-1.1,401,5.7,1450,,,,,,,6.6,360,1318,4.2,340,1623,1.8,1555,-8.5,28,1458,47.6,3.3,1010.5,1019.1,1009,1016.1,0,1017.6,9.7,8.2,1200,1.88,10.46,,,,,,3.1,2.6,2.1,-5,2.8,3.7,4.3,5.4,8,11,,,,,1.4,0,
131,2007-12-15,2.6,.1,645,6.4,1456,1.55,,,,,.1,8.7,290,958,4.1,290,1528,1.7,1469,-4.7,43,1448,58,4.3,1013.5,1025.9,2352,1017.4,203,1020.6,9.7,2.4,1100,1.17,5.01,,,,,,4.8,3.4,2.1,-5.2,2.6,3.5,4,4.9,7.8,10.9,,,,,.9,.1,
131,2007-12-16,1.1,-2.7,643,5.6,1434,,,,,,,4.7,290,1431,3.2,320,1621,1.1,950,-5.8,41,1435,60.6,4,1019.7,1029.4,1046,1025.5,1635,1026.9,9.7,6.1,1100,1.66,8.12,,,,,,3.3,2.9,1.6,-6.4,2.1,2.9,3.5,4.6,7.5,10.9,,,,,.7,,
131,2007-12-17,1.8,-2,429,7.9,1333,1.83,,,,,.1,5.5,200,1343,3,250,1345,.9,778,-2.2,51,1332,75,5.3,1016.4,1026.1,1,1021.5,1342,1023.6,9.7,1.6,1200,1.38,4.63,,,,,,5.4,2.9,1.2,-5.5,2,3,3.5,4.3,7.5,11,,,,,.4,.1,
131,2007-12-18,-.7,-3.7,649,2.5,1603,,,,,,,5.3,70,1258,2.7,20,1347,.8,691,-3.6,57,1223,81.5,4.7,1016.2,1024.5,1049,1022.8,1504,1023.5,9.7,1.2,1100,.99,4.22,,,,,,3.1,2.8,-.2,-7.9,.6,1.8,2.6,4.1,7.2,10.8,,,,,.7,,
131,2007-12-19,.6,-4,740,5.7,1447,,,,,,,3.4,160,39,2.5,160,46,.9,778,-3.4,47,1458,76.5,4.8,1015.1,1023.7,1003,1021,1544,1022.4,9.7,4.7,1200,1.31,7.33,,,,,,2.5,2.5,1.1,-6.7,1,1.7,2.4,3.6,7,10.5,,,,,.9,,
131,2007-12-20,3.8,-1.5,123,10.8,1449,,,,,,,5.3,290,1416,3.7,270,1424,1,864,-.5,49,1300,73.1,5.9,1017,1027.8,2346,1021.9,1358,1024.1,9.7,4.6,1200,1.29,6.59,,,,,,4.3,2.8,2.3,-5.5,2.3,2.9,3,3.7,6.8,10.5,,,,,.4,,
131,2007-12-21,1.8,-1.3,340,6,1504,,,,,,,6,20,1254,3.4,50,1417,1.3,1123,-.8,64,1506,83.6,5.8,1020.3,1030.3,907,1025.9,2132,1027.5,9.7,1.4,1200,1.22,4.4,,,,,,7.9,5.1,1.8,-3.5,2.3,2.9,3.1,4,6.6,10.4,,,,,.7,,10.42
131,2007-12-22,4.6,.5,702,10.2,1459,,,,,,,6.7,20,1135,4.5,20,1144,1.7,1469,-2.2,44,1500,61.8,5.2,1015.6,1026.2,0,1019.6,1526,1022.7,9.7,3.8,1100,1.38,7.15,,,,,,5.3,0,2.5,-2.2,2.6,3.3,3.3,4.1,6.5,10.2,,,,,1.1,,
131,2007-12-23,3.3,-1.9,658,9.8,1417,,,,,,,8,290,1700,4.4,340,1640,1.4,1210,-1.4,54,1317,70.9,5.6,1015.9,1025.9,2343,1021.1,1347,1023,9.7,2.1,1200,1.45,6,,,,,,3.1,3.1,2.1,-6.2,2.5,3.2,3.4,4.3,6.6,10.1,,,,,.7,,
131,2007-12-24,2,-3.1,731,7.1,1538,,,,,,,4.8,360,1323,3.1,50,1345,1.2,1037,-3,49,1301,69.9,4.9,1020.9,1030.1,1042,1025.8,0,1028.1,9.7,5,1200,1.5,7.95,,,,,,3.9,.5,.9,-7.2,1.8,2.5,3,4.1,6.7,10,,,,,1.1,,
131,2007-12-25,4.8,.1,400,10.5,1454,,,,,,,5.2,70,1549,3.5,50,1554,1.3,1123,-1.1,48,1432,65.1,5.6,1021,1029.5,413,1026.3,1349,1028.1,9.7,4,1100,1.47,7.28,,,,,,6,0,2.9,-3.8,2.8,3.3,3.2,4,6.5,10,,,,,.7,,
131,2007-12-26,7,1.1,553,15,1502,,,,,,,3.3,50,825,2.2,50,825,.7,605,.4,36,1642,64.3,6.3,1021.7,1031,830,1027.2,1524,1028.8,9.7,8.3,1200,1.7,9.5,,,,,,.4,0,3.8,-3.8,3.8,4.1,3.9,4.5,6.8,9.9,,,,,1.3,,
131,2007-12-27,5.2,.2,558,9.7,1425,4.33,,,,,4,4.3,70,1259,3,70,1303,.9,778,2.2,61,1423,80,7.2,1016.5,1028.5,15,1020.4,1837,1023.6,9.7,.1,1300,.89,4.35,,,,,,7.1,3.3,3.5,-4.2,3.7,4.1,4,4.7,6.6,9.8,,,,,.4,4.3,
131,2007-12-28,5.8,4.2,717,7.7,1417,4.08,,,,,.5,6.3,340,1825,3.1,290,1848,1.3,1123,4,76,1855,87.1,8.2,1008.3,1020.5,0,1011.6,1455,1015.4,9.7,0,1100,.63,2.27,,,,,,9.9,5.4,5.1,2.4,5.2,5.5,5,5.4,6.7,9.6,,,,,.3,.2,
131,2007-12-29,1.7,-1.8,2354,5.2,125,6.58,,,,,.9,10.5,340,737,5.1,340,1225,2.3,1987,-2.8,47,1259,72,5,1005.5,1015.3,1101,1011.2,1555,1012.6,9.7,3.7,1200,1.49,6.89,1.5,2400,1.5,2400,1.5,7.9,5.4,3.1,-2.4,4,4.7,4.8,5.6,7,9.8,,,,,.6,2.5,
131,2007-12-30,-5.1,-6.3,740,-1.8,0,14.33,,,,,3.9,9.1,340,156,5.3,340,204,2,1728,-10.9,49,1429,67.8,2.7,1007.4,1017.6,2209,1011.6,1,1014.8,9.7,2.2,1300,1.25,6.08,2.6,300,4,300,5.5,6.3,5.3,.9,-11.4,1.8,2.9,3.6,4.7,7,9.9,,,,,.3,3.9,
131,2007-12-31,-4,-6,8,-.7,1423,15.75,,,,,3,9.9,320,1254,5.3,340,1254,2.1,1814,-9.3,45,1426,70.3,3,1009.6,1019.4,2353,1014.9,1452,1017,9.7,2.4,1400,1.64,4.4,5.6,1120,8.3,1120,6,6.8,6.3,.6,-8,1.2,2.2,2.9,4,6.8,9.7,,,,,.3,1.8,
